ProductCode;NameEn
RA-F0101001;LED BASE 1 × 20 W DBL END
RA-F0101002;LED BASE 2 × 20 W DBL END
RA-F0101004;LED BASE 1 × 40 W DBL END
RA-F0101005;LED BASE 2 × 40 W DBL END
RA-F0101006;LED BASE 3 × 40
RA-F0102001;LED BASE 2 × 20 PT
RA-F0102002;LED BASE 2 × 40 PT
RA-F0103001;LED BASE 1 × 20 - ALR
RA-F0103002;LED BASE 2 × 20 - ALR
RA-F0103003;LED BASE 1 × 40 - ALR
RA-F0103004;LED BASE 2 × 40 - ALR
RA-F0103005;LED BASE 3 × 40 - ALR
RA-F0103006;LED BASE 4 × 40 - ALR
RA-F0104001;LED BASE 2 × 20 GRILL
RA-F0104002;LED BASE 2 × 40 - GRILL
RA-F0105001;ARW 1 × 20 W 220 V
RA-F0105002;ARW 1 × 20 W 220 V - 50HZ
RA-F0105003;ARW 2 × 20 W 220 V
RA-F0105004;ARW 2 × 20 W 220 V - 50 HZ
RA-F0105005;ARW 1 × 40 W 220 V
RA-F0105006;ARW 2 × 40 W 220 V
RA-F0105007;ARW 3 × 40 W 220 V
RA-F0105008;ARW 4 × 40 W 220 V
RA-F0105009;ARW 1 × 20 W 240 V
RA-F0105010;ARW 1 × 40 W 220 V - WITHOUT BALLAST
RA-F0106002;ARW 2 × 20 W 220 V PT
RA-F0106004;ARW 2 × 40 W 220 V PT
RA-F0107001;ALR 1 × 20 W 220 V
RA-F0107002;ALR 2 × 20 W 220 V
RA-F0107003;ALR 1 × 40 W 220 V
RA-F0107004;ALR 2 × 40 W 220 V
RA-F0107005;ALR 3 × 40 W 220 V
RA-F0201001;LED BASE 1 × 20 W LAUNDRY -508
RA-F0201002;LED BASE 1 × 20 - 521
RA-F0201003;LED BASE 1 × 20 - DELUEX
RA-F0201004;LED BASE 1 × 40 W LAUNDRY -508
RA-F0202001;LED BASE 2 × 20 - 2001
RA-F0202002;LED BASE 2 × 20 W 2001 NEW DBL END
RA-F0202003;LED BASE 2 × 20 - 2002
RA-F0202004;LED BASE 2 × 20 W 2002 NEW DDL END
RA-F0202005;LED BASE 2 × 20 W R P100 DBL END
RA-F0202006;LED BASE 2 × 20 W R P200 DBL END
RA-F0202007;LED BASE 2 × 20 W R P300 DBL END
RA-F0202008;LED BASE 2 × 20 W R P400 DBL END
RA-F0202009;LED BASE 2 × 20 W R S700 DBL END
RA-F0202010;LED BASE 2 × 20 W R S800 DBL END
RA-F0202011;LED BASE 2 × 20 W R 521 DBL END
RA-F0202012;LED BASE 2 × 20 W R 525 DBL END
RA-F0202013;LED BASE 2 × 20 - DBL END - DELUXE
RA-F0203001;LED BASE 1 × 40 W R 521 DBL END
RA-F0203002;LED BASE 1 × 40 - DELX
RA-F0204001;LED BASE 2 × 40 W 2001 DBL END
RA-F0204002;LED BASE 2 × 40 W 2001 NEW DBL END
RA-F0204003;LED BASE 2 × 40 W 2002 DBL END
RA-F0204004;LED BASE 2 × 40 W 2002 NEW DBL END
RA-F0204005;LED BASE 2 × 40 W R P100 DBL END
RA-F0204006;LED BASE 2 × 40 W R P200 DBL END
RA-F0204007;LED BASE 2 × 40 W R P300 DBL END
RA-F0204008;LED BASE 2 × 40 W R P400 DBL END
RA-F0204009;LED BASE 2 × 40 W R S700 DBL END
RA-F0204010;LED BASE 2 × 40 W R S800 DBL END
RA-F0204011;LED BASE 2 × 40 W R 521 DBL END
RA-F0204012;LED BASE 2 × 40 W R 525 DBL END
RA-F0204013;LED BASE 2 × 40 - DELUXE DBL END
RA-F0204014;LED BASE 2 × 40 - DELUXE DBL END- EMR
RA-F0212001;DLED 2 × 20 - 32 W 220 V D 2001
RA-F0212002;DLED 2 × 20 - 32 W 220 V D 2001 M2
RA-F0212004;DLED 2 × 20 - 32 W 220 V D 2002 M2
RA-F0212012;DLED 2 × 20 - 32 W 220 V D 525
RA-F0212013;DLED 2 × 20 - 32 W 220 V D 525 Lines
RA-F0214002;DLED 2 × 40 - 64 W 220 V 2001 M2
RA-F0214004;DLED 2 × 40 - 64 W 220 V D 2002 M2
RA-F0214007;DLED 2 × 40 - 64 W 220 V P300
RA-F0214011;DLED 2 × 40 - 64 W 220 V 521
RA-F0214012;DLED 2 × 40 - 64 W 220 V 525
RA-F0214013;DEL 2 × 40 - 64 W 220 V LED DELX
RA-F0214014;DLED 2 × 40 - 64 W 220 V 2001 OPAL
RA-F0222001;D 2 × 20 W 220 V D 2001
RA-F0222002;D 2 × 20 W 220 V D 2001 NEW
RA-F0222003;D 2 × 20 W 220 V D 2002
RA-F0222004;D 2 × 20 W 220 V D 2002 NEW
RA-F0222005;D 2 × 20 W 220 V D - P100
RA-F0222006;D 2 × 20 W 220 V D - P200
RA-F0222007;D 2 × 20 W 220 V D - P300
RA-F0222008;D 2 × 20 W 220 V D - P400
RA-F0222009;D 2 × 20 W 220 V D - S700
RA-F0222010;D 2 × 20 W 220 V D - S800
RA-F0222011;D 2 × 20 W 220 V D - 521
RA-F0222012;D 2 × 20 W 220 V D - 525
RA-F0222013;D 2 × 20 W 220 V D 521 - 50HZ
RA-F0222014;D 2 × 20 W 220 V D 506 - 50HZ
RA-F0222015;D 2 × 20 W 220 V S700 - 50HZ
RA-F0222016;D 2 × 20 W 220 Armada
RA-F0224001;D 2 × 40 W 220 V D 2001
RA-F0224002;D 2 × 40 W 220 V D 2001 NEW
RA-F0224003;D 2 × 40 W 220 V D 2002
RA-F0224004;D 2 × 40 W 220 V D 2002 NEW
RA-F0224005;D 2× 40 W 220 V D P100
RA-F0224006;D 2 × 40 W 220 V D P200
RA-F0224007;D 2 × 40 W 220 V D P300
RA-F0224008;D 2 × 40 W 220 V D P400
RA-F0224009;D 2 × 40 W 220 V D S700
RA-F0224010;D 2× 40 W 220 V D S800
RA-F0224011;D 2 × 40 W 220 V D 521
RA-F0224012;D 2 × 40 W 220 V D 525
RA-F0301001;LED BASE 1 × 20 W WAP NEW DBL END
RA-F0301002;LED BASE 2 × 20 WAP NEW
RA-F0301003;LED BASE 1 × 40 W WAP NEW DBL END
RA-F0301004;LED BASE 2 × 40 WAP NEW
RA-F0301005;LED BASE 2 × 40 WAP NEW -EMR
RA-F0301006;LED BASE 1 × 40 W WAP NEW DBL END- opal
RA-F0301007;LED BASE BLACK 1 × 40 W WAP NEW DBL END
RA-F0302001;WAPS 1 × 20 W 220 V
RA-F0302002;WAPS 2 × 20 W 220 V
RA-F0302003;WAPS 1 × 40 W 220 V
RA-F0302004;WAPS 2 × 40 W 220 V NEW
RA-F0302005;WAPS 1 × 20 W 240 V - 50 Hz
RA-F0302006;WAPS 2 × 20 W 240 V - 50 Hz
RA-F0302007;WAPS 1 × 40 W 240 V - 50 Hz
RA-F0302008;WAPS 2 × 40 W 240 V - 50 Hz
RA-F0312001;LED WAP 2 × 20 - 24 W 220 V SQ NEW
RA-F0312002;LED WAP 2 × 20 - 24 W 220 V Opal
RA-F0312003;LED WAP 2 ×20 - 32W 220 V SQ NEW
RA-F0312004;LED WAP 2 × 20 - 32 W 220 V OPAL- 4000K
RA-F0313001;LED WAP 1 × 40 - 32 W SQ NEW
RA-F0313002;LED WAP 1 × 40 - 32 W SQ NEW - OPAL
RA-F0314001;LED WAP 2 × 40 - 48 W 220 V SQ NEW
RA-F0314002;LED WAP 2 × 40 - 48 W 220 V OPAL
RA-F0314003;LED WAP 2 × 40 - 64 W 220 V
RA-F0401001;ALED 30 × 60 - ALM
RA-F0401002;ALP LED 30 × 60 - 508
RA-F0401003;ALP LED 30 × 60 - 525
RA-F0401004;ALP LED 30 × 60 - OPAL
RA-F0402001;LED BASE 32× 62 ALM
RA-F0402002;ALED 32× 62 - 508 ALP
RA-F0402003;LED 32× 62 - 525 ALP
RA-F0402004;LED 32× 62 - OPAL ALP
RA-F0403001;ALM 30 × 120
RA-F0403002;LED 30 × 120 D 508 ALP
RA-F0403003;LED 30 × 120 D 525
RA-F0403004;LED 30 × 120 D - OPAL
RA-F0404001;LED BASE 32× 122 ALM
RA-F0404002;LED 32 × 122 - ALP 508
RA-F0404003;LED 32 × 122 - ALP 525
RA-F0404004;LED 32× 122 - ALP OPAL
RA-F0405001;LED 59.5 × 59.5 - ALM
RA-F0405002;LED 60× 60 - ALM
RA-F0405003;LED BASE 60 × 60 - ALP 508
RA-F0405004;ALED 60 × 60 525
RA-F0405005;ALED 60 × 60 - OPAL
RA-F0406001;LED BASE 62 × 62 ALM
RA-F0406002;ALP 62 × 62 LED
RA-F0406003;ALP 62 × 62 LED - OPAL
RA-F0406005;ALP 62 × 62 -508 LED
RA-F0407001;LED BASE 60× 120 ALM
RA-F0407002;ALP LED Base 60× 120 - D 508
RA-F0407003;ALP LED Base 60× 120 - OPAL
RA-F0411001;ALSM LED 30 × 60
RA-F0411002;ALSP LED 30 × 60 - CH- OPAL
RA-F0411003;ALSP LED 30 × 60 - CH- OPAL - EMR
RA-F0411004;قاعدة ليد 30*60 / ظاهر غطاء 525
RA-F0413001;ALSM LED 30 × 120
RA-F0413002;LED 30 × 120 D 508 ALSP
RA-F0413003;LED 30 × 120 D ALSP - 521
RA-F0413004;LED 30 × 120 D ALSP - 525
RA-F0413005;LED 30 × 120 D ALSP - OPAL
RA-F0413006;LED 30 × 120 D ALSP - OPAL-EMR
RA-F0415001;ALSD 60× 60
RA-F0415002;LED BASE 60 × 60 - ALSP 508
RA-F0415003;LED BASE ALSP 60 × 60 525
RA-F0415005;LED BASE 62 × 122 - 508
RA-F0417001;LED BASE ALSM 60 × 120
RA-F0417002;ALSP 60× 120 LED D 508
RA-F0417003;ALSM 60 × 120 led- opal
RA-F0421001;ALED 30 × 60 - 32 W LED ALP 525
RA-F0421002;ALED 30 × 60 - 32 W LED ALP OPAL
RA-F0421003;ALED 30 × 60 - 32 W LED ALP OPAL - 4000K
RA-F0422001;ALED 32 × 62 - 32 W LED ALP 508
RA-F0422002;ALED 32 × 62 - 32 W LED ALP 525
RA-F0422003;ALED 32 × 62 - 32 W LED ALP OPAL
RA-F0423001;ALED 30 × 120 - 64 W D 525
RA-F0423002;ALSP 30 × 120 - 64 W D OPAL
RA-F0423003;ALED 30 × 120 - 64 W D 525 - 4000K
RA-F0424001;ALED 32 × 122 - 64 W 220 V LED ALP OPAL
RA-F0424002;ALED 32 × 122 - 64 W LED ALP 525
RA-F0424003;ALED 32 × 122 - 64 W LED ALP 508
RA-F0425001;ALED 60 × 60 - 64 W D 201
RA-F0425002;ALED 60 ×60 - 64 W D 508
RA-F0425003;ALED 60 ×60 - 64 W D 525
RA-F0425004;ALED 60 × 60 - 64 W D OPAL
RA-F0425005;ALED 60 × 60 - 64 W 220 V OPAL 4000 K
RA-F0425006;ALED 60 × 60 - 64 W 220 V D 525 L 4000 K
RA-F0426001;ALED 62 × 62 - 64 W 220 V D 525
RA-F0426002;ALED 62 × 62 - 64 W 220 V D OPAL
RA-F0426003;ALED 62 × 62 - 64 W 220 V D 525 - 4000K
RA-F0427001;ALED 60 × 120 - 128 W 220 V D 508
RA-F0427002;ALED 60 × 120 - 128 W 220 V D 525
RA-F0427003;ALED 60 × 120 - 128 W 220 V OPAL
RA-F0431001;ALED 30 × 60 - 32 W LED ALSP OPAL
RA-F0433001;ALSP 30 × 120 - 64 W220 V D 525
RA-F0433002;ALED 30 × 120 - 64 W ALSP 508
RA-F0433003;LED 30 × 120 64W D ALSP - OPAL
RA-F0435001;ALED 60 × 60 - 64 W SP 525
RA-F0435002;ALSP 60 × 60 - 64 W / OPAL
RA-F0441001;ALM 30 × 60 220 V D 508
RA-F0441002;ALSM 30 × 60 220 V OPAL
RA-F0441003;ALM 30 × 60 220 V
RA-F0441004;ALM 30 × 60 240 V
RA-F0442001;ALM 32 × 62 220 V
RA-F0442002;ALSM 32× 62 220 V OPAL
RA-F0443001;ALP 30 × 120 220 V D 508
RA-F0443002;ALP 30 × 120 220 V D OPAL
RA-F0443003;ALM 30 × 120 - 220 V
RA-F0444001;ALM 32 × 122 - 220 V
RA-F0445001;ALM 60 × 60 220 V
RA-F0445002;ALP 60 × 60 220 V D 508
RA-F0445003;ALP 60 × 60 220 V D 514
RA-F0446001;ALM 62 × 62 220 V
RA-F0446002;ALP 60 × 60 220 V D OPAL
RA-F0447001;ALP 60 × 120 220 V D 508
RA-F0448001;ALP 62 × 122 220 V D 508
RA-F0451001;ALSM 30 × 60 220 V
RA-F0453001;ALSP 30 × 120 220 V D 508
RA-F0453002;ALSM 30 × 120 220 V
RA-F0455001;ALSM 60 × 60 220 V
RA-F0455002;ALSP 60 × 60 220 V D 508
RA-F0501001;LED ROBE 9MM /116 - 6500K - 2LINE
RA-F0501002;LED ROBE 9MM /116 - 3000K - 2LINE
RA-F0501003;LED ROBE 9MM /116 - BLUE - 2LINE
RA-F0501004;LED ROBE 9MM /116 - RED - 2LINE
RA-F0501005;LED ROBE 9MM /116 - GREEN - 2LINE
RA-F0501006;LED ROBE 9MM /116 - VIOLET - 2LINE
RA-F0501007;LED ROBE 9MM /116 - 4000K - 2LINE
RA-F0501008;LED ROBE 9MM /156 - 6500K - 2LINE
RA-F0501009;LED ROBE 9MM /156 - 3000K - 2LINE
RA-F0501010;LED ROBE 9MM /156 - 4000K - 2LINE
RA-F0501011;LED ROBE 12MM /180 - 6500K - 3LINE
RA-F0501012;LED ROBE 12MM /180 - 3000K - 3LINE
RA-F0501013;LED ROBE 12MM /180 - 4000K - 3LINE
RA-F0501014;LED ROBE 15MM /240 - 6500K - 3LINE
RA-F0501015;LED ROBE 15MM /240 - 3000K - 3LINE
RA-F0501016;LED ROBE 12MM / 72 - RGB
RA-F0501017;LED ROBE 12MM / 96 - RGB
RA-F0501018;LED ROBE 18MM / 144 - RGB
RA-F0501101;POWER CABLE 9MM - ROBE LIGHT
RA-F0501102;POWER CABLE 12MM - ROBE LIGHT
RA-F0501103;POWER CABLE 15MM - ROBE LIGHT
RA-F0501201;REMOTE CONTROL 12MM - 800W Yellow - RGB
RA-F0501202;REMOTE CONTROL 18MM - 1500W - RGB
RA-F0501203;REMOTE CONTROL 12MM - 800W Black - RGB
RA-F0502001;LED ROBE 12MM /120 - 6500K - 2LINE Wireless
RA-F0502002;LED ROBE 12MM /120 - 3000K - 2LINE Wireless
RA-F0502003;LED ROBE 12MM /120 - 4000K - 2LINE Wireless
RA-F0502004;LED ROBE 12MM /180 - 6500K - 3LINE Wireless
RA-F0502005;LED ROBE 12MM /180 - 3000K - 3LINE Wireless
RA-F0502006;LED ROBE 12MM /180 - 4000K - 3LINE Wireless
RA-F0502007;LED ROBE 11MM /120 - 6500K - 2LINE Wireless
RA-F0502008;LED ROBE 11MM /120 - 3000K - 2LINE Wireless
RA-F0502009;LED ROBE 11MM /120 - 4000K - 2LINE Wireless
RA-F0502010;LED ROBE 11MM /180 - 6500K - 3LINE Wireless
RA-F0502011;LED ROBE 11MM /180 - 3000K - 3LINE Wireless
RA-F0502012;LED ROBE 11MM /180 - 4000K - 3LINE Wireless
RA-F0502013;LED ROBE 11MM /120 - BLUE - 2LINE Wireless
RA-F0502014;LED ROBE 11MM /120 - GREEN - 2LINE Wireless
RA-F0502015;LED ROBE 11MM /180 - GREEN - 3LINE Wireless
RA-F0502101;CAPLE POWER 12MM - WIRELESS
RA-F0502102;CAPLE POWER 11MM - WIRELESS
RA-F0503001;LED ROBE Profile Tape 8MM /120 - 6500K - 1LINE
RA-F0503002;LED ROBE Profile Tape 8MM /120 - 3000K - 1LINE
RA-F0503003;LED ROBE Profile Tape 8MM /120 - 4000K - 1LINE
RA-F0503004;CAPLE POWER 8MM
RA-F0504001;LED Robe Silicon Rubber 8MM/120L -6500K -1LINE -Driver LESS
RA-F0504002;LED Robe Silicon Rubber 8MM/120L -3000K -1LINE -Driver LESS
RA-F0504003;LED Robe Silicon Rubber 8MM/120L -4000K -1LINE -Driver LESS
RA-F0504011;LED Robe Profile Tape COB 8MM / 240 D - 6500K - 1LINE
RA-F0504012;LED Robe Profile Tape COB 8MM / 240 D - 3000K - 1LINE
RA-F0504013;LED Robe Profile Tape COB 8MM / 240 D - 4000K - 1LINE
RA-F0504101;Power Cable for driverless Led Rope silicon
RA-F0505001;LED ROBE 11MM /120 - 3CCT - 2LINE Wireless
RA-F0505101;Controller Cable Power 11MM 3CCT - WIRELESS
RA-F0601003;LED TUBE 12 W 9000K - T8
RA-F0601004;LED TUBE 24 W 9000K - T8
RA-F0601005;LED TUBE 30 W 9000K - T8
RA-F0601006;LED TUBE 50 W 9000K - T8
RA-F0601007;LED TUBE 15 W 9000K - T8
RA-F0601101;LED TUBE 12 W 4000K - T8
RA-F0601102;LED TUBE 24 W 4000K - T8
RA-F0601103;LED TUBE 30 W 4000K - T8
RA-F0601104;LED TUBE 50 W 4000K - T8
RA-F0602001;LED TUBE 12 W 9000K - T8 2LINE
RA-F0602002;LED TUBE 15 W 9000K - T8 2LINE
RA-F0602003;LED TUBE 24 W 9000K - T8 2LINE
RA-F0602004;LED TUBE 30 W 9000K - T8 2LINE
RA-F0603001;T8 FLUORESCENT TUBE 36W - 9000K
RA-F0603002;T8 PHILIPS TUBE - 18W
RA-F0603003;T8 PHILIPS TUBE - 36W
RA-F0603004;LED TUBE 16 White - One Line
RA-F0701001;T-BULB 9W - 6500K
RA-F0701002;T-BULB 9W - 3000K
RA-F0701003;T-BULB 12W - 6500K
RA-F0701004;T-BULB 12W - 3000K
RA-F0701005;T-BULB 15W - 6500K
RA-F0701006;T-BULB 15W - 3000K
RA-F0701007;T-BULB 9W - 4000K
RA-F0701008;T-BULB 12W- 4000K
RA-F0701009;T-BULB 15W- 4000K
RA-F0701101;T-BULB 9W - 6500K / 127-220V
RA-F0701102;T-BULB 9W - 3000K / 127-220V
RA-F0701103;T-BULB 12W - 6500K / 127-220V
RA-F0701104;T-BULB 12W - 3000K / 127-220V
RA-F0701105;T-BULB 15W - 6500K / 127-220V
RA-F0701106;T-BULB 15W - 3000K / 127-220V
RA-F0702001;PEN-BULB 9W - 6500K
RA-F0702002;PEN-BULB 9W - 3000K
RA-F0702003;PEN-BULB 9W - 4000K
RA-F0702004;PEN-BULB 12W - 6500K
RA-F0702005;PEN-BULB 12W - 3000K
RA-F0702006;PEN-BULB 12W - 4000K
RA-F0702007;PEN-BULB 15W - 6500K
RA-F0702008;PEN-BULB 15W - 3000K
RA-F0702009;PEN-BULB 15W - 4000K
RA-F0703001;HIGH POWER 20W -E27 / 6500K
RA-F0703002;HIGH POWER 40W -E27 / 6500K
RA-F0703003;HIGH POWER 50W -E27 / 6500K
RA-F0703004;HIGH POWER 60W -E27 / 6500K
RA-F0703005;HIGH POWER 70W -E27 / 6500K
RA-F0703006;HIGH POWER 80W -E27 / 6500K
RA-F0703007;HIGH POWER 100W -E27 / 6500K
RA-F0703008;HIGH POWER 30W -E27 / 6500K
RA-F0703009;HIGH POWER 30W -E27 / 3000K
RA-F0703010;HIGH POWER 20W -E27 / 3000K
RA-F0703012;HIGH POWER 40W -E27 / 3000K
RA-F0703013;HIGH POWER 50W -E27 / 3000K
RA-F0703101;HIGH POWER 50W 6500 K / 127-220 V
RA-F0703102;HIGH POWER 50W 3000 K / 127-220 V
RA-F0704001;LED SPOT LIGHT 7W - GU5
RA-F0704002;LED SPOT LIGHT 7W - GU10 3000K
RA-F0704003;LED SPOT LIGHT 7W - GU10 6500K
RA-F0704004;LED SPOT LIGHT 7W - GU10 4000K
RA-F0704005;LED SPOT LIGHT 9W - GU5
RA-F0704006;LED SPOT LIGHT 9W - GU10 - 3000K
RA-F0704007;LED SPOT LIGHT 9W - GU10 - 6500K
RA-F0704008;LED SPOT LIGHT 9W - GU10 - 4000K
RA-F0704102;LED SPOT LIGHT 7W - GU10 3000K Wiring
RA-F0704103;LED SPOT LIGHT 7W - GU10 4000K Wiring
RA-F0705001;METALHALAID LAMP 70W
RA-F0705002;METALHALAID LAMP 150W
RA-F0705003;METALHALAID LAMP 400W
RA-F0801001;ROUND ANIT GLARE SPOTLIGHT - BLACK
RA-F0801002;ROUND ANIT GLARE SPOTLIGHT - SILVAR
RA-F0801003;ROUND ANIT GLARE SPOTLIGHT - ROSE GLODEN
RA-F0801004;SQUARE ANIT GLARE SPOTLIGHT - BLACK
RA-F0801005;SQUARE ANIT GLARE SPOTLIGHT - SILVER
RA-F0801006;SQUARE ANIT GLARE SPOTLIGHT - ROSE GOLDEN
RA-F0801007;DOUBLE ANIT GLARE SPOTLIGHT - BLACK
RA-F0801008;DOUBLE ANIT GLARE SPOTLIGHT - SILVER
RA-F0801009;DOUBLE ANIT GLARE SPOTLIGHT - ROSE GOLDEN
RA-F0801010;TRUBLE ANIT GLARE SPOTLIGHT - BLACK
RA-F0801011;TRUBLE ANIT GLARE SPOTLIGHT - SILVER
RA-F0801012;TRUBLE ANIT GLARE SPOTLIGHT - ROSE GOLDEN
RA-F0801101;BLACK BASE - ROUND ANIT GLARE SPOTLIGHT - BLACK
RA-F0801102;BLACK BASE - ROUND ANIT GLARE SPOTLIGHT - SILVER
RA-F0801103;BLACK BASE - ROUND ANIT GLARE SPOTLIGHT - ROSE GOLDEM
RA-F0801104;BLACK BASE SQUARE ANIT GLARE SPOTLIGHT - BLACK
RA-F0801105;BLACK BASE SQUARE ANIT GLARE SPOTLIGHT - SILVER
RA-F0801106;BLACK BASE SQUARE ANIT GLARE SPOTLIGHT - ROSE GOLDEN
RA-F0801107;BLACK BASE DOUBLE ANIT GLARE SPOTLIGHT - BLACK
RA-F0801108;BLACK BASE DOUBLE ANIT GLARE SPOTLIGHT - SILVER
RA-F0801109;BLACK BASE DOUBLE ANIT GLARE SPOTLIGHT - ROSE GOLDEN
RA-F0801110;BLACK BASE TRUBLE ANIT GLARE SPOTLIGHT - BLACK
RA-F0801111;BLACK BASE TRUBLE ANIT GLARE SPOTLIGHT - SILVER
RA-F0801112;BLACK BASE TRUBLE ANIT GLARE SPOTLIGHT - ROSE GOLDEN
RA-F0801201;White Frame ROUND ANIT GLARE -REFLECTOR BLACK /Without Screw
RA-F0801202;Black Frame ROUND ANIT GLARE -REFLECTOR BLACK /Without Screw
RA-F0802001;ROUND ANIT GLARE SPOTLIGHT Plastic - BLACK
RA-F0802002;SQURE ANIT GLARE SPOTLIGHT Plastic - BLACK
RA-F0802003;SQURE ANIT GLARE SPOTLIGHT Plastic - SILVER
RA-F0802004;SQURE ANIT GLARE SPOTLIGHT Plastic - GOLD
RA-F0802101;BLACK FRAME- ROUND ANIT GLARE SPOTLIGHT Plastic - BLACK
RA-F0802102;BLACK FRAME- SQUARE ANIT GLARE SPOTLIGHT Plastic - BLACK
RA-F0802103;BLACK FRAME- ROUND ANIT GLARE SPOTLIGHT Plastic - SILVER
RA-F0802104;BLACK FRAME- ROUND ANIT GLARE SPOTLIGHT Plastic - GOLD
RA-F0802201;White Base ROUND ANIT GLARE Plastic Movable -BLACK Reflector
RA-F0802202;White Base Double 2*1 ANIT GLARE Plastic Movable -BLACK Ref
RA-F0802210;White Base ROUND ANIT GLARE Plastic Movable- White Reflector
RA-F0802301;Black Base ROUND ANIT GLARE Plastic Movable -BLACK Reflector
RA-F0802302;Black Base Double 2*1 ANIT GLARE Plastic Movable -BLACK Ref
RA-F0803001;LAMP HOLDER GU5
RA-F0803002;LAMP HOLDER GU10
RA-F0804001;SPOTLIGHT LED ANIT GLARE 7W- 6500K
RA-F0804002;SPOTLIGHT LED ANIT GLARE 7W- 3000K
RA-F0804003;SPOTLIGHT LED ANIT GLARE 7W- 4000K
RA-F0804004;SPOTLIGHT LED ANIT GLARE 10W- 6500K
RA-F0804005;SPOTLIGHT LED ANIT GLARE 10W- 3000K
RA-F0804006;SPOTLIGHT LED ANIT GLARE 10W- 4000K
RA-F0901001;ALP LED PANAL 60 × 60 - 48W 6500K- ALRAED
RA-F0901002;ALP LED PANAL 60 × 60 - 48W 4000K- ALRAED
RA-F0901003;CELL PANAL 60 × 60 - 48 W
RA-F0901004;LED PANAL 64W - 6500K
RA-F0901101;FRAME LED PANAL 60 × 60
RA-F0901201;ALP LED PANAL 60 × 60 - 48W 6500K + Frame 101
RA-F0901202;ALP LED PANAL 60 × 60 - 48W 6500K + Frame 102
RA-F0901203;ALP LED PANAL 60 × 60 - 48W 6500K + Frame 103
RA-F0901204;ALP LED PANAL 60 × 60 - 48W 6500K + Frame 104
RA-F0901301;ALP LED PANAL 60 × 60 - 48W 6500K / 127-220V
RA-F0901302;ALP LED PANAL 60 × 60 - 48W 4000K / 127-220V
RA-F0902001;ALP LED PANAL 60 × 60 - 72W 6500K- ALRAED
RA-F0902002;ALP LED PANAL 60 × 60 - 72W 4000K- ALRAED
RA-F0902003;ALP LED PANAL 60 × 60 - 128W - 8000K
RA-F0902004;ALP LED PANAL 60 × 60 - 128W - 4000K
RA-F0902005;ALP LED PANAL 60 × 60 - 72W 6500K- ALRAED -EMR
RA-F0903001;SLIM ROUND LED PANAL 6W - 6500K
RA-F0903002;SLIM ROUND LED PANAL 6W - 3000K
RA-F0903003;SLIM ROUND LED PANAL 6W - 4000K
RA-F0903004;SLIM ROUND LED PANAL 12W - 6500K
RA-F0903005;SLIM ROUND LED PANAL 12W - 3000K
RA-F0903006;SLIM ROUND LED PANAL 12W - 4000K
RA-F0903007;SLIM ROUND LED PANAL 18W - 6500K
RA-F0903008;SLIM ROUND LED PANAL 18W - 3000K
RA-F0903009;SLIM ROUND LED PANAL 18W - 4000K
RA-F0903010;SLIM ROUND LED PANAL 24W - 6500K
RA-F0903011;SLIM ROUND LED PANAL 24W - 3000K
RA-F0903012;SLIM ROUND LED PANAL 24W - 4000K
RA-F0904001;SLIM SURFACE ROUND LED PANAL 12W - 6500K
RA-F0904002;SLIM SURFACE ROUND LED PANAL 12W - 3000K
RA-F0904003;SLIM SURFACE ROUND LED PANAL 12W - 4000K
RA-F0904004;SLIM SURFACE ROUND LED PANAL 18W - 6500K
RA-F0904005;SLIM SURFACE ROUND LED PANAL 18W - 3000K
RA-F0904006;SLIM SURFACE ROUND LED PANAL 18W - 4000K
RA-F0904007;SLIM SURFACE ROUND LED PANAL 24W - 6500K
RA-F0904008;SLIM SURFACE ROUND LED PANAL 24W - 3000K
RA-F0904009;SLIM SURFACE ROUND LED PANAL 24W - 4000K
RA-F0904010;SLIM SURFACE ROUND LED PANAL 30W - 6500K
RA-F0904011;SLIM SURFACE ROUND LED PANAL 30W - 3000K
RA-F0904012;SLIM SURFACE ROUND LED PANAL 30W - 4000K
RA-F0905001;3D ROUND LED PANAL 9W - 6500K
RA-F0905002;3D ROUND LED PANAL 9W - 3000K
RA-F0905003;3D ROUND LED PANAL 18W - 6500K
RA-F0905004;3D ROUND LED PANAL 18W - 3000K
RA-F0905005;3D ROUND LED PANAL 24W - 6500K
RA-F0905006;3D ROUND LED PANAL 24W - 3000K
RA-F0905007;3D ROUND LED PANAL 36W - 6500K
RA-F0905008;3D ROUND LED PANAL 36W - 3000K
RA-F0905009;3D ROUND LED PANAL 36W - 4000K
RA-F0905101;3D SQUARE LED PANAL 9W - 6500K
RA-F0905102;3D SQUARE LED PANAL 9W - 3000K
RA-F0905103;3D SQUARE LED PANAL 18W - 6500K
RA-F0905104;3D SQUARE LED PANAL 18W - 3000K
RA-F0905105;3D SQUARE LED PANAL 24W - 6500K
RA-F0905106;3D SQUARE LED PANAL 24W - 3000K
RA-F0905107;3D SQUARE LED PANAL 36W - 6500K
RA-F0905108;3D SQUARE LED PANAL 36W - 3000K
RA-F1001001;RECESSED DOWN LIGHT 7W- 6500K
RA-F1001002;RECESSED DOWN LIGHT 7W- 3000K
RA-F1001003;RECESSED DOWN LIGHT 7W- 4000K
RA-F1001004;RECESSED DOWN LIGHT 10W- 6500K
RA-F1001005;RECESSED DOWN LIGHT 10W- 3000K
RA-F1001006;RECESSED DOWN LIGHT 10W- 4000k
RA-F1001007;RECESSED DOWN LIGHT 15W- 6500K
RA-F1001008;RECESSED DOWN LIGHT 15W- 3000K
RA-F1001009;RECESSED DOWN LIGHT 15W- 4000K
RA-F1001010;RECESSED DOWN LIGHT 18W- 6500K
RA-F1001011;RECESSED DOWN LIGHT 18W- 3000K
RA-F1001012;RECESSED DOWN LIGHT 18W- 4000K
RA-F1001013;RECESSED DOWN LIGHT 20 W 6500K
RA-F1001014;RECESSED DOWN LIGHT 20 W -3000k
RA-F1001015;RECESSED DOWN LIGHT 20 W - 4000K
RA-F1001016;RECESSED DOWN LIGHT 30W- 6500K
RA-F1001017;RECESSED DOWN LIGHT 30W- 3000K
RA-F1001018;RECESSED DOWN LIGHT 30W- 4000K
RA-F1001019;RECESSED DOWN LIGHT 40W - 6500K
RA-F1001020;RECESSED DOWN LIGHT 40W - 3000K
RA-F1001021;RECESSED DOWN LIGHT 40W - 4000K
RA-F1001022;RECESSED DOWN LIGHT 50W - 6500K
RA-F1001023;RECESSED DOWN LIGHT 50W - 3000K
RA-F1001024;RECESSED DOWN LIGHT 50W - 4000K
RA-F1001025;RECESSED DOWN LIGHT 60W - 6500K
RA-F1001026;RECESSED DOWN LIGHT 60W - 3000K
RA-F1001027;RECESSED DOWN LIGHT 60W - 4000K
RA-F1001028;RECESSED DOWN LIGHT 80W - 6500K
RA-F1001029;RECESSED DOWN LIGHT 80W - 3000K
RA-F1001030;RECESSED DOWN LIGHT 80W - 4000K
RA-F1001101;BLACK RECESSED DOWN LIGHT 7W - 6500K
RA-F1001102;BLACK RECESSED DOWN LIGHT 7W - 3000K
RA-F1001103;BLACK RECESSED DOWN LIGHT 7W - 4000K
RA-F1001104;BLACK RECESSED DOWN LIGHT 10W - 6500K
RA-F1001105;BLACK RECESSED DOWN LIGHT 10W - 3000K
RA-F1001106;BLACK RECESSED DOWN LIGHT 10 W - 4000K
RA-F1001107;BLACK RECESSED DOWN LIGHT 15W - 6500K
RA-F1001108;BLACK RECESSED DOWN LIGHT 15W - 3000K
RA-F1001109;BLACK RECESSED DOWN LIGHT 15W - 4000K
RA-F1001110;BLACK RECESSED DOWN LIGHT 30W - 6500K
RA-F1001111;BLACK RECESSED DOWN LIGHT 30W - 3000K
RA-F1001112;BLACK RECESSED DOWN LIGHT 30W - 4000K
RA-F1001201;MOVING RECESS DOWN LIGHT 7W - 6500K
RA-F1001202;MOVING RECESS DOWN LIGHT 7W - 3000K
RA-F1001203;MOVING RECESS DOWN LIGHT 7W - 4000K
RA-F1001204;RECESSED DOWN LIGHT 7 W 3000K - FRAME Plastic
RA-F1001205;RECESSED DOWN LIGHT 15 W 3000K - FRAME Plastic
RA-F1002001;RECESSED DOWN LIGHT 7W- 6500k / HALA LIGHT
RA-F1002002;RECESSED DOWN LIGHT 7W- 3000K / HALA LIGHT
RA-F1002003;RECESSED DOWN LIGHT 7W- 4000K / HALA LIGHT
RA-F1002004;RECESSED DOWN LIGHT 10W 6500K / HALA LIGHT
RA-F1002005;RECESSED DOWN LIGHT 10W 3000K / HALA LIGHT
RA-F1002006;RECESSED DOWN LIGHT 10W 4000K / HALA LIGHT
RA-F1002007;RECESSED DOWN LIGHT 15W 6500K / HALA LIGHT
RA-F1002008;RECESSED DOWN LIGHT 15W 3000K / HALA LIGHT
RA-F1002009;RECESSED DOWN LIGHT 15W 4000K / HALA LIGHT
RA-F1002010;RECESSED DOWN LIGHT 30W 6500K / HALA LIGHT
RA-F1002011;RECESSED DOWN LIGHT 30W 3000K / HALA LIGHT
RA-F1002012;RECESSED DOWN LIGHT 30W 4000K / HALA LIGHT
RA-F1003001;RECESSED PLASTIC DOWN LIGHT 7W- 6500K
RA-F1003002;RECESSED PLASTIC DOWN LIGHT 7W- 3000k
RA-F1003003;RECESSED PLASTIC DOWN LIGHT 7W- 4000k
RA-F1003004;RECESSED PLASTIC DOWN LIGHT 10W- 6500K
RA-F1003005;RECESSED PLASTIC DOWN LIGHT 10W- 3000k
RA-F1003006;RECESSED PLASTIC DOWN LIGHT 10W- 4000k
RA-F1003007;RECESSED PLASTIC DOWN LIGHT 15W- 6500K
RA-F1003008;RECESSED PLASTIC DOWN LIGHT 15W- 3000k
RA-F1003009;RECESSED PLASTIC DOWN LIGHT 15W- 4000k
RA-F1003010;RECESSED PLASTIC DOWN LIGHT 24W- 6500K
RA-F1003011;RECESSED PLASTIC DOWN LIGHT 24W- 3000k
RA-F1003012;RECESSED PLASTIC DOWN LIGHT 24W- 4000k
RA-F1003101;BLACK- RECESSED PLASTIC DOWN LIGHT 7W- 6500K
RA-F1003102;BLACK- RECESSED PLASTIC DOWN LIGHT 7W- 3000K
RA-F1003103;BLACK- RECESSED PLASTIC DOWN LIGHT 7W- 4000K
RA-F1003104;BLACK- RECESSED PLASTIC DOWN LIGHT 10 W- 6500K
RA-F1003105;BLACK- RECESSED PLASTIC DOWN LIGHT 10 W- 3000K
RA-F1003106;BLACK- RECESSED PLASTIC DOWN LIGHT 10 W- 4000K
RA-F1003107;BLACK- RECESSED PLASTIC DOWN LIGHT 15 W- 6500K
RA-F1003108;BLACK- RECESSED PLASTIC DOWN LIGHT 15 W-3000K
RA-F1003109;BLACK- RECESSED PLASTIC DOWN LIGHT 15 W- 4000K
RA-F1003110;BLACK- RECESSED PLASTIC DOWN LIGHT 24 W- 6500K
RA-F1003111;BLACK- RECESSED PLASTIC DOWN LIGHT 24 W-3000K
RA-F1003112;BLACK- RECESSED PLASTIC DOWN LIGHT 24 W- 4000K
RA-F1003201;RECESSED PLASTIC DOWN LIGHT 7W- 3CCT
RA-F1003202;RECESSED PLASTIC DOWN LIGHT 10W- 3CCT
RA-F1003203;RECESSED PLASTIC DOWN LIGHT 15W- 3CCT
RA-F1003204;RECESSED PLASTIC DOWN LIGHT 24W- 3CCT
RA-F1004001;Recessed Led down light 8w 6500K - Iron housing
RA-F1004002;Recessed Led down light 8w 3000K - Iron housing
RA-F1004003;Recessed Led down light 8w 4000K - Iron housing
RA-F1004004;Recessed Led down light 12w 6500K - Iron housing
RA-F1004005;Recessed Led down light 12w 3000K - Iron housing
RA-F1004006;Recessed Led down light 12w 4000K - Iron housing
RA-F1004007;Recessed Led down light 24w 6500K - Iron housing
RA-F1004008;Recessed Led down light 24w 3000K - Iron housing
RA-F1004009;Recessed Led down light 24w 4000K - Iron housing
RA-F1004010;Recessed Led down light 30w 6500K - Iron housing
RA-F1004011;Recessed Led down light 30w 3000K - Iron housing
RA-F1004012;Recessed Led down light 30w 4000K - Iron housing
RA-F1004101;Surface Led down light 8w 6500K - Iron housing
RA-F1004104;Surface Led down light 12w 6500K - Iron housing
RA-F1004107;Surface Led down light 24w 6500K - Iron housing
RA-F1004108;Surface Led down light 24w 3000K - Iron housing
RA-F1004110;Surface Led down light 30w 6500K - Iron housing
RA-F1004111;Surface Led down light 30w 3000K - Iron housing
RA-F1004201;Recessed Black Base Led down light 8w 6500K - Iron
RA-F1004202;Recessed Black Base Led down light 8w 3000K - Iron
RA-F1004203;Recessed Black Base Led down light 8w 4000K - Iron
RA-F1004204;Recessed Black Base Led down light 12w 6500K - Iron
RA-F1004205;Recessed Black Base Led down light 12w 3000K - Iron
RA-F1004206;Recessed Black Base Led down light 12w 4000K - Iron
RA-F1004207;Recessed Black Base Led down light 24w 6500K - Iron
RA-F1004208;Recessed Black Base Led down light 24w 3000K - Iron
RA-F1004209;Recessed Black Base Led down light 24w 4000K - Iron
RA-F1004210;Recessed Black Base Led down light 30w 6500K - Iron
RA-F1004211;Recessed Black Base Led down light 30w 3000K - Iron
RA-F1004212;Recessed Black Base Led down light 30w 4000K - Iron
RA-F1004301;Surface Black Base Led down light 8w 6500K - Iron
RA-F1004304;Surface Black Base Led down light 12w 6500K - Iron
RA-F1004307;Surface Black Base Led down light 24w 6500K - Iron
RA-F1004308;Surface Black Base Led down light 24w 3000K - Iron
RA-F1004310;Surface Black Base Led down light 30w 6500K - Iron
RA-F1004311;Surface Black Base Led down light 30w 3000K - Iron
RA-F1004401;Recessed White Base Led down light 8w 3CCT - Iron
RA-F1004402;Recessed White Base Led down light 12w 3CCT - Iron
RA-F1004403;Recessed White Base Led down light 24w 3CCT - Iron
RA-F1004404;Recessed White Base Led down light 30w 3CCT - Iron
RA-F1004501;Recessed Black Base Led down light 8w 3CCT - Iron
RA-F1004502;Recessed Black Base Led down light 12w 3CCT - Iron
RA-F1004503;Recessed Black Base Led down light 24w 3CCT - Iron
RA-F1004504;Recessed Black Base Led down light 30w 3CCT - Iron
RA-F1011001;SURFACE DOWN LIGHT 15W - 6500k
RA-F1011002;SURFACE DOWN LIGHT 15W - 3000k
RA-F1011003;SURFACE DOWN LIGHT 18W - 6500k
RA-F1011004;SURFACE DOWN LIGHT 18W - 3000k
RA-F1011005;SURFACE DOWN LIGHT 28W - 6500k
RA-F1011006;SURFACE DOWN LIGHT 28W - 3000k
RA-F1011007;SURFACE DOWN LIGHT 30W - 6500k
RA-F1011008;SURFACE DOWN LIGHT 30W - 3000k
RA-F1011009;SURFACE DOWN LIGHT 30W - 4000k
RA-F1011010;SURFACE DOWN LIGHT 40W - 6500k
RA-F1011011;SURFACE DOWN LIGHT 40W - 3000k
RA-F1011012;SURFACE DOWN LIGHT 40W - 4000k
RA-F1011013;SURFACE DOWN LIGHT 45W - 6500k
RA-F1011014;SURFACE DOWN LIGHT 45W - 3000k
RA-F1011101;BLACK SURFACE DOWN LIGHT 15W - 6500k
RA-F1011102;BLACK SURFACE DOWN LIGHT 15W - 3000K
RA-F1011103;BLACK SURFACE DOWN LIGHT 15W - 4000K
RA-F1011104;BLACK SURFACE DOWN LIGHT 30W - 6500k
RA-F1011105;BLACK SURFACE DOWN LIGHT 30W - 3000k
RA-F1011106;BLACK SURFACE DOWN LIGHT 30W - 4000k
RA-F1011107;BLACK SURFACE DOWN LIGHT 40W - 6500k
RA-F1011108;BLACK SURFACE DOWN LIGHT 40W - 3000k
RA-F1011109;BLACK SURFACE DOWN LIGHT 40W - 4000k
RA-F1012001;SURFACE DOWN LIGHT 15 W- 6500k / HALA LIGHT
RA-F1012002;SURFACE DOWN LIGHT 15 W- 3000k / HALA LIGHT
RA-F1012003;SURFACE DOWN LIGHT 15 W- 4000k / HALA LIGHT
RA-F1012004;SURFACE DOWN LIGHT 30 W- 6500k / HALA LIGHT
RA-F1012005;SURFACE DOWN LIGHT 30 W- 3000k / HALA LIGHT
RA-F1012006;SURFACE DOWN LIGHT 30 W- 4000k / HALA LIGHT
RA-F1101001;WALL LIGHT 6014 - SMALL
RA-F1101002;WALL LIGHT 6014 - BIG
RA-F1101003;BLACK WALL LIGHT 6014 - SMALL
RA-F1101004;BLACK WALL LIGHT 6014 - BIG
RA-F1101005;WALL LIGHT 6015 - E27-Holder
RA-F1101101;COTTAGE FULL SET-WHITE
RA-F1101102;COTTAGE FULL SET-BLACK
RA-F1102001;CIELING LAMP - TATRA
RA-F1102002;CIELING LAMP - DINARA
RA-F1102003;WALL LAMP - ROCKY
RA-F1102004;WALL LAMP - EVEREST
RA-F1102005;CIELING LAMP TATRA - LED
RA-F1102006;CIELING LAMP DINARA - LED
RA-F1102007;WALL LAMP ROCKY - LED
RA-F1102008;WALL LAMP EVEREST - LED
RA-F1103001;WHITE LED BULK HEAD 10W - 6500K
RA-F1103002;WHITE LED BULK HEAD 10W - 3000K
RA-F1103003;WHITE LED BULK HEAD 20W - 6500K
RA-F1103004;WHITE LED BULK HEAD 20W - 3000K
RA-F1103005;WHITE LED BULK HEAD 20W - 6500K / WITH GRID 1
RA-F1103006;WHITE LED BULK HEAD 20W - 3000K / WITH GRID 1
RA-F1103007;WHITE LED BULK HEAD 20W - 6500K / WITH GRID 2
RA-F1103008;WHITE LED BULK HEAD 20W - 3000K / WITH GRID 2
RA-F1103009;BLACK LED BULK HEAD 10W - 6500K
RA-F1103010;BLACK LED BULK HEAD 10W - 3000K
RA-F1103011;BLACK LED BULK HEAD 20W - 6500K
RA-F1103012;BLACK LED BULK HEAD 20W - 3000K
RA-F1103013;BLACK LED BULK HEAD 20W - 6500K / WITH GRID 1
RA-F1103014;BLACK LED BULK HEAD 20W - 3000K / WITH GRID 1
RA-F1103015;BLACK LED BULK HEAD 20W - 6500K / WITH GRID 2
RA-F1103016;BLACK LED BULK HEAD 20W - 3000K / WITH GRID 2
RA-F1103101;WHITE LED BULK HEAD 30W - 6500K
RA-F1103102;White LED BULK HEAD 30W - 3000K
RA-F1103103;WHITE LED BULK HEAD 30W - 6500K / WITH GRID 1
RA-F1103104;WHITE LED BULK HEAD 30W - 3000K / WITH GRID 1
RA-F1103105;WHITE LED BULK HEAD 30W - 6500K / WITH GRID 2
RA-F1103106;WHITE LED BULK HEAD 30W - 3000K / WITH GRID 2
RA-F1103201;BLACK BULK HEAD LED 30W - 6500K
RA-F1103202;BLACK BULK HEAD LED 30W - 3000K
RA-F1103203;BLACK LED BULK HEAD 30W - 6500K / WITH GRID 1
RA-F1103204;BLACK LED BULK HEAD 30W - 3000K / WITH GRID 1
RA-F1103205;BLACK LED BULK HEAD 30W - 6500K / WITH GRID 2
RA-F1103206;BLACK LED BULK HEAD 30W - 3000K / WITH GRID 2
RA-F1104001;WHITE LED BULK HEAD 24 W- 6500K
RA-F1104002;WHITE LED BULK HEAD 24W - 3000K
RA-F1104003;WHITE LED BULK HEAD 24 W- 6500K / WITH GRID 1
RA-F1104004;WHITE LED BULK HEAD 24 W- 3000K / WITH GRID 1
RA-F1104005;WHITE LED BULK HEAD 24 W- 6500K / WITH GRID 2
RA-F1104006;WHITE LED BULK HEAD 24 W- 3000K / WITH GRID 2
RA-F1104007;BLACK LED BULK HEAD 24 W- 6500K
RA-F1104008;BLACK LED BULK HEAD 24W - 3000K
RA-F1104009;BLACK LED BULK HEAD 24 W- 6500K / WITH GRID 1
RA-F1104010;BLACK LED BULK HEAD 24 W- 3000K / WITH GRID 1
RA-F1104011;BLACK LED BULK HEAD 24 W- 6500K / WITH GRID 2
RA-F1104012;BLACK LED BULK HEAD 24 W- 3000K / WITH GRID 2
RA-F1104013;BLACK LED BULK HEAD 24W - 6500K FINGER PRINT
RA-F1104014;BLACK LED BULK HEAD 24W - 3000K FINGER PRINT
RA-F1104023;White WL-R-0401 BULK HEAD Round 24W - 6500K
RA-F1104024;White WL-R-0401 BULK HEAD Round 24W - 3000K
RA-F1104025;BLACK WL-R-0401 BULK HEAD Round 24W - 6500K
RA-F1104026;BLACK WL-R-0401 BULK HEAD Round 24W - 3000K
RA-F1104027;BLACK WL-I-A BULK HEAD 24W - 6500K
RA-F1104028;BLACK WL-I-A BULK HEAD 24W - 3000K
RA-F1104029;BLACK WL-I-B BULK HEAD 24W - 6500K
RA-F1104030;BLACK WL-I-B BULK HEAD 24W - 3000K
RA-F1104031;BLACK WL-I-C BULK HEAD 24W - 6500K
RA-F1104032;BLACK WL-I-C BULK HEAD 24W - 3000K
RA-F1104033;BLACK WL-I-D BULK HEAD 24W - 6500K
RA-F1104034;BLACK WL-I-D BULK HEAD 24W - 3000K
RA-F1104035;BLACK WL-I-E BULK HEAD 24W - 6500K
RA-F1104036;BLACK WL-I-E BULK HEAD 24W - 3000K
RA-F1104037;White WL-R-0401 BULK HEAD Round 24W - 3CCT Backside
RA-F1105001;LED WALL LIGHT 6W - 6500K UP/DOWN
RA-F1105002;LED WALL LIGHT 6W - 3000K UP/DOWN
RA-F1105003;LED WALL LIGHT 8W - 6500K UP/DOWN
RA-F1105004;LED WALL LIGHT 8W - 3000K UP/DOWN
RA-F1105005;LED WALL LIGHT 4W - 6500K UP/DOWN
RA-F1105006;LED WALL LIGHT 4W - 3000K UP/DOWN
RA-F1105007;LED WALL LIGHT 10W - 6500K UP/DOWN
RA-F1105008;LED WALL LIGHT 10W - 3000K UP/DOWN
RA-F1106001;WHITE WL-T-0801 BULK HEAD 24W - 6500K
RA-F1106002;WHITE WL-T-0801 BULK HEAD 24W - 3000K
RA-F1106003;BLACK WL-T-0801 BULK HEAD 24W - 6500K
RA-F1106004;BLACK WL-T-0801 BULK HEAD 24W - 3000K
RA-F1106005;GRAY WL-T-0801 BULK HEAD 24W - 6500K
RA-F1106006;GRAY WL-T-0801 BULK HEAD 24W - 3000K
RA-F1106007;BLACK WL-A-0701 BULK HEAD 24W - 6500K
RA-F1106008;BLACK WL-A-0701 BULK HEAD 24W - 3000K
RA-F1106009;GRAY WL-A-0701 BULK HEAD 24W - 6500K
RA-F1106010;GRAY WL-A-0701 BULK HEAD 24W - 3000K
RA-F1106011;BLACK WL-A-0601 BULK HEAD 28W - 6500K
RA-F1106012;BLACK WL-A-0601 BULK HEAD 28W - 3000K
RA-F1106013;BLACK WL-D-0501-G1 BULK HEAD 28W - 6500K
RA-F1106014;BLACK WL-D-0501-G1 BULK HEAD 28W - 3000K
RA-F1106015;BLACK WL-D-0501-G2 BULK HEAD 28W - 6500K
RA-F1106016;BLACK WL-D-0501-G2 BULK HEAD 28W - 3000K
RA-F1106017;BLACK WL-C-0401 BULK HEAD 24W - 6500K
RA-F1106018;BLACK WL-C-0401 BULK HEAD 24W - 3000K
RA-F1106019;BLACK WL-C-0301 BULK HEAD 24W - 6500K
RA-F1106020;BLACK WL-C-0301 BULK HEAD 24W - 3000K
RA-F1106021;BLACK WL-D-0501-G3 BULK HEAD 28W - 6500K
RA-F1106022;BLACK WL-D-0501-G3 BULK HEAD 28W - 3000K
RA-F1107001;BLACK BASE STEEL LED CEILING LIGHT 24W - 3CCT - 0N/0FF
RA-F1107002;BLACK BASE STEEL LED CEILING LIGHT 30W - 3CCT - 0N/0FF
RA-F1107003;BLACK BASE STEEL LED CEILING LIGHT 48W - 3CCT - 0N/0FF
RA-F1107004;BLACK BASE STEEL LED CEILING LIGHT 60W - 3CCT - 0N/0FF
RA-F1201001;ALRAED VENT. FAN 15 SQ. 220 V
RA-F1201002;ALRAED VENT. FAN 20 SQ. 220 V
RA-F1201003;ALRAED VENT. FAN 25 SQ. 220 V
RA-F1201004;ALRAED VENT. FAN 30 SQ. 220 V
RA-F1201005;ALRAED VENT. FAN 15 SQ. 220 V - GRILL
RA-F1201006;ALRAED VENT. FAN 20 SQ. 220 V - GRILL
RA-F1201007;ALRAED VENT. FAN 25 SQ. 220 V - GRILL
RA-F1201008;ALRAED VENT. FAN 30 SQ. 220 V - GRILL
RA-F1201009;BLACK ALRAED VENT. FAN 15 SQ. 220 V
RA-F1201010;BLACK ALRAED VENT. FAN 20 SQ. 220 V
RA-F1201011;BLACK ALRAED VENT. FAN 25 SQ. 220 V
RA-F1201015;BLACK ALRAED VENT. FAN 25 SQ. 220 V - GRILL
RA-F1201101;ALRAED VENT. FAN 15 SQ. 220 V - VENUS
RA-F1201102;ALRAED VENT. FAN 20 SQ. 220 V - VENUS
RA-F1201103;ALRAED VENT. FAN 25 SQ. 220 V - VENUS
RA-F1201104;ALRAED VENT. FAN 30 SQ. 220 V - VENUS
RA-F1201105;ALRAED VENT. FAN 15 SQ. 220 V - VISION
RA-F1201106;ALRAED VENT. FAN 20 SQ. 220 V - VISION
RA-F1201107;ALRAED VENT. FAN 25 SQ. 220 V - VISION
RA-F1201108;ALRAED VENT. FAN 30 SQ. 220 V - VISION
RA-F1201109;HALA LIGHT VENT. FAN 15 SQ. 220 V
RA-F1201110;HALA LIGHT VENT. FAN 20 SQ. 220 V
RA-F1201111;HALA LIGHT VENT. FAN 25 SQ. 220 V
RA-F1201112;HALA LIGHT VENT. FAN 30 SQ. 220 V
RA-F1201113;MAS FAN 20 SQ. 220 V
RA-F1201114;MAS FAN 25 SQ. 220 V
RA-F1201201;ALRAED ROUND VENT FAN 15 INCH - 220V
RA-F1201202;ALRAED ROUND VENT FAN 20 INCH - 220V
RA-F1202001;RAED VENT. FAN 15 SQ. 127-220 V
RA-F1202002;RAED VENT. FAN 20 SQ. 127-220 V
RA-F1202003;RAED VENT. FAN 25 SQ. 127-220 V
RA-F1202004;RAED VENT. FAN 30 SQ. 127-220 V
RA-F1202005;RAED VENT. FAN 15 SQ. 220/127 V- GRILL
RA-F1202006;RAED VENT. FAN 20 SQ. 220/127 V- GRILL
RA-F1202007;RAED VENT. FAN 25 SQ. 220/127 V- GRILL
RA-F1202008;RAED VENT. FAN 30 SQ. 220 V/127- GRILL
RA-F1202009;RAED VENT. FAN 15 SQ. 127-220 V - BLACK
RA-F1202011;RAED VENT. FAN 25 SQ. 127-220 V - BLACK
RA-F1202101;HALA LIGHT VENT. FAN 15 SQ.127-220 V
RA-F1202102;HALA LIGHT VENT. FAN 20 SQ.127-220 V
RA-F1202103;HALA LIGHT VENT. FAN 25 SQ.127-220 V
RA-F1202104;HALA LIGHT VENT. FAN 30 SQ.127-220 V
RA-F1203001;PIPE VENTILATION FAN 8 INCH
RA-F1203002;PIPE VENTILATION FAN 10 INCH
RA-F1203003;PIPE VENTILATION FAN 12 INCH
RA-F1203004;PIPE VENTILATION FAN 14 INCH
RA-F1203007;PIPE VENTILATION FAN 8 INCH-GRILL
RA-F1203008;PIPE VENTILATION FAN 10 INCH-GRILL
RA-F1203009;PIPE VENTILATION FAN 12 INCH-GRILL
RA-F1203010;PIPE VENTILATION FAN 14 INCH-GRILL
RA-F1203011;PIPE VENTILATION FAN 8 INCH-GRILL -VENUS
RA-F1203012;PIPE VENTILATION FAN 10 INCH-GRILL -VENUS
RA-F1203013;PIPE VENTILATION FAN 12 INCH-GRILL -VENUS
RA-F1203015;PIPE VENTILATION FAN 8 INCH -WINDOW
RA-F1203016;PIPE VENTILATION FAN 10 INCH -WINDOW
RA-F1203018;BLACK PIPE VENTILATION FAN 10 INCH -WINDOW
RA-F1203101;PIPE VENTILATION FAN 8 INCH-BLACK COLOR
RA-F1203102;PIPE VENTILATION FAN 10 INCH-BLACK COLOR
RA-F1203201;PIPE VENTILATION FAN 8 INCH - With light
RA-F1203202;PIPE VENTILATION FAN 10 INCH - With light
RA-F1204001;VENT FAN 6 SQ 220V - Switch Parts
RA-F1204002;VENT FAN 8 SQ 220V - Switch Parts
RA-F1204003;VENT FAN 10 SQ 220V - Switch Parts
RA-F1204004;VENT FAN 12 SQ 220V - Switch Parts
RA-F1205001;CEILING FAN 56 INCH 220W - NEW
RA-F1205002;LED FAN- GOLD FRAME
RA-F1205003;LED FAN- SILVER FRAME
RA-F1205004;LED FAN- GRAY FRAME
RA-F1206001;WALL FAN 16" WHITE / FW-40B
RA-F1206002;WALL FAN 16" BLACK / FW-40B
RA-F1206003;WALL White FAN 20 INCH / FW-50 C
RA-F1206004;WALL BLack FAN 20 INCH / FW-50 C
RA-F1206101;WALL FAN 16" WHITE REMOTE / FW-40BR
RA-F1206102;WALL FAN 16" BLACK REMOTE / FW-40BR
RA-F1207001;STAND WHITE FAN 16 INCH / SF-40C
RA-F1207002;STAND BLACK FAN 16 INCH / SF-40C
RA-F1208001;BOX FAN 12 INCH / BF-30C
RA-F1208002;BOX FAN 12 INCH / LF-08
RA-F1209001;STEEL FAN 8 INCH - 220V
RA-F1209002;STEEL FAN 10 INCH - 220V
RA-F1209003;STEEL FAN 12 INCH - 220V
RA-F1209004;STEEL FAN 14 INCH - 220V
RA-F1209005;STEEL FAN 16 INCH - 220V
RA-F1209101;STEEL FAN 8 INCH - 220V - Alraed
RA-F1209102;STEEL FAN 10 INCH - 220V - Alraed
RA-F1209103;STEEL FAN 12 INCH - 220V - Alraed
RA-F1209104;STEEL FAN 14 INCH - 220V - Alraed
RA-F1209105;STEEL FAN 16 INCH - 220V - Alraed
RA-F1210001;Aluminum Flexible Duct 4" - 10 meter
RA-F1210002;Aluminum Flexible Semi Rigid Duct 4" - 2 meter
RA-F1210003;Aluminum Flexible Duct 4" - 7 meter
RA-F1210004;Aluminum Flexible Duct 4" - 2 meter
RA-F1211001;Fan hose shutter - GRILL Plastic 4"
RA-F1211002;Fan Hose Shutter - Close SHUTTER 4"
RA-F1212001;DUCT FAN 4 INCH
RA-F1212002;DUCT FAN 6 INCH
RA-F1301001;HI BAY 42CM - Empty Without Ballast
RA-F1301002;HI BAY 42 CM 250 W MH (BALLAST-IGNITOR) VS
RA-F1301003;HI BAY 42 CM 400 W MH (BALLAST-IGNITOR)
RA-F1301004;HI BAY 42 REF 400 W MH (BALLAST-IGNITOR) -VS
RA-F1301005;HI BAY 42 CM 400 W MH- Vs (BALLAST-IGNITOR)
RA-F1301006;HI BAY 42CM 250 W HPS / BALLAST-IGNITOR
RA-F1301007;HI BAY 42 REF 150W MH ( BALLAST-IGNITOR )
RA-F1301101;HI BAY 49 CM without balast
RA-F1301102;HI BAY 49 REF 250 W MH (BALLAST-IGNITOR)
RA-F1301103;HI BAY 49 REF 400 W MH (BALLAST-IGNITOR)
RA-F1301104;HighBay 49cm REF 400W- MH + IGN / VS
RA-F1301105;HI BAY 49 CM 150 W HPS - Vs (BALLAST-IGNITOR)
RA-F1301106;HI BAY 49 CM 250 W HPS - Vs (BALLAST-IGNITOR)
RA-F1301107;HI BAY 49 REF 400 W HPS(BALLAST-IGNITOR)
RA-F1301201;highbay 150 W LED
RA-F1301202;HI BAY LED 200 W WHITE
RA-F1301203;HI BAY LED 250 W WHITE
RA-F1301204;highbay 100 W 6500K LED
RA-F1301205;HI BAY LED 300W WHITE+REFLACTOR
RA-F1301401;METAL HLIDE 400 W - FULL WITHOUT LAMP
RA-F1301402;METAL HLIDE 400 W FULL WITHOUT LAMP - 50 HZ
RA-F1301403;METAL HLIDE 400 W + IGN + CAP - VS
RA-F1302001;LED FLOOD LIGHT 50 W WHITE FL008
RA-F1302002;LED FLOOD LIGHT 50 W YELLOW FL008
RA-F1302003;LED FLOOD LIGHT 100 W WHITE FL008
RA-F1302004;LED FLOOD LIGHT 100 W YELLOW FL008
RA-F1302005;LED FLOOD LIGHT 150 W WHITE FL008
RA-F1302006;LED FLOOD LIGHT 150 W YELLOW FL008
RA-F1302007;LED FLOOD LIGHT 200 W WHITE FL008
RA-F1302008;LED FLOOD LIGHT 200 W YELLOW FL008
RA-F1302009;LED FLOOD LIGHT 50 W Green FL008
RA-F1302010;LED FLOOD LIGHT 50 W WHITE FL015
RA-F1302011;LED FLOOD LIGHT 50 W YELLOW FL015
RA-F1302012;LED FLOOD LIGHT 100 W WHITE FL015
RA-F1302013;LED FLOOD LIGHT 100 W YELLOW FL015
RA-F1302014;LED FLOOD LIGHT 150 W WHITE FL015
RA-F1302015;LED FLOOD LIGHT 150 W YELLOW FL015
RA-F1302016;LED FLOOD LIGHT 200 W WHITE FL015
RA-F1302017;LED FLOOD LIGHT 200 W YELLOW FL015
RA-F1302018;LED FLOOD LIGHT 50 W GREEN FL015
RA-F1302019;LED FLOOD LIGHT 100 W GREEN FL015
RA-F1302020;LED FLOOD LIGHT 150 W GREEN FL015
RA-F1302021;LED FLOOD LIGHT 200 W GREEN FL015
RA-F1302022;LED FLOOD LIGHT 250 W WHITE FL003B
RA-F1302023;LED FLOOD LIGHT 250 W YELLOW FL003B
RA-F1302024;LED FLOOD LIGHT 300 W WHITE FL003B
RA-F1302025;LED FLOOD LIGHT 300 W YELLOW FL003B
RA-F1303001;LED FLOOD LIGHT 50 W WHITE FL902 SA
RA-F1303002;LED FLOOD LIGHT 50 W Yellow FL902 SA
RA-F1303003;LED FLOOD LIGHT 100W WHITE FL902 SA
RA-F1303004;LED FLOOD LIGHT 100 W Yellow FL902 SA
RA-F1303005;LED FLOOD LIGHT 150 W WHITE FL902 SA
RA-F1303006;LED FLOOD LIGHT 150 W Yellow FL902 SA
RA-F1303007;LED FLOOD LIGHT 200 W WHITE FL902 SA
RA-F1303008;LED FLOOD LIGHT 200 W Yellow FL902 SA
RA-F1303009;LED FLOOD LIGHT 50 W GREEN FL902 SA
RA-F1303010;LED FLOOD LIGHT 100 W GREEN FL902 SA
RA-F1303011;LED FLOOD LIGHT 150 W GREEN FL902 SA
RA-F1303012;LED FLOOD LIGHT 200 W GREEN FL902 SA
RA-F1303013;LED FLOOD LIGHT 50 W WHITE FL0902 SB
RA-F1303014;LED FLOOD LIGHT 50 W Yellow FL0902 SB
RA-F1303015;LED FLOOD LIGHT 100 W WHITE FL0902 SB
RA-F1303016;LED FLOOD LIGHT 100 W Yellow FL0902 SB
RA-F1303017;LED FLOOD LIGHT 150 W WHITE FL0902 SB
RA-F1303018;LED FLOOD LIGHT 150 W Yellow FL0902 SB
RA-F1303019;LED FLOOD LIGHT 200 W WHITE FL0902 SB
RA-F1303020;LED FLOOD LIGHT 200 W Yellow FL0902 SB
RA-F1303021;LED FLOOD LIGHT 300 W WHITE FL0902 SB
RA-F1303022;LED FLOOD LIGHT 300 W Yellow FL0902 SB
RA-F1303023;LED FLOOD LIGHT 400 W WHITE FL0902 SB
RA-F1303024;LED FLOOD LIGHT 400 W Yellow FL0902 SB
RA-F1303025;LED FLOOD LIGHT 400 W 4000k FL0902 SB
RA-F1303026;LED FLOOD LIGHT 600 W WHITE FL0914
RA-F1304001;LED FLOOD LIGHT 50 W WHITE FL0910 SC
RA-F1304002;LED FLOOD LIGHT 50 W Yellow FL0910 SC
RA-F1304003;LED FLOOD LIGHT 50 W 4000K - FL0910 SC
RA-F1304004;LED FLOOD LIGHT 100 W White FL0910 SC
RA-F1304005;LED FLOOD LIGHT 100 W Yellow FL0910 SC
RA-F1304006;LED FLOOD LIGHT 100 W 4000K - FL0910 SC
RA-F1304007;LED FLOOD LIGHT 150 W White FL0910 SC
RA-F1304008;LED FLOOD LIGHT 150 W Yellow FL0910 SC
RA-F1304009;LED FLOOD LIGHT 150 W 4000K - FL0910 SC
RA-F1304010;LED FLOOD LIGHT 200 W White FL0910 SC
RA-F1304011;LED FLOOD LIGHT 200 W Yellow FL0910 SC
RA-F1304012;LED FLOOD LIGHT 200 W 4000K - FL0910 SC
RA-F1304013;LED FLOOD LIGHT 250 W White FL0910 SC
RA-F1304014;LED FLOOD LIGHT 250 W Yellow FL0910 SC
RA-F1304015;LED FLOOD LIGHT 250 W 4000K - FL0910 SC
RA-F1304016;LED FLOOD LIGHT 300 W White FL0910 SC
RA-F1304017;LED FLOOD LIGHT 300 W Yellow FL0910 SC
RA-F1304018;LED FLOOD LIGHT 300 W 4000K - FL0910 SC
RA-F1304019;LED FLOOD LIGHT 100 W GREEN FL0910 SC
RA-F1304020;LED FLOOD LIGHT 150 W GREEN FL0910 SC
RA-F1304021;LED FLOOD LIGHT 200 W GREEN FL0910 SC
RA-F1304022;LED FLOOD LIGHT 250 W GREEN FL0910 SC
RA-F1304023;LED FLOOD LIGHT 300 W GREEN FL0910 SC
RA-F1304024;LED FLOOD LIGHT 150 W -480 v White FL0910 SC
RA-F1305001;LED FLOOD LIGHT 50 W WHITE FL0912 SD
RA-F1305002;LED FLOOD LIGHT 50 W Yellow FL0912 SD
RA-F1305003;LED FLOOD LIGHT 50 W 4000 K FL0912 SD
RA-F1305004;LED FLOOD LIGHT 100 W WHITE FL0912 SD
RA-F1305005;LED FLOOD LIGHT 100 W Yellow FL0912 SD
RA-F1305006;LED FLOOD LIGHT 100 W 4000 K FL0912 SD
RA-F1305007;LED FLOOD LIGHT 150 W WHITE FL0912 SD
RA-F1305008;LED FLOOD LIGHT 150 W Yellow FL0912 SD
RA-F1305009;LED FLOOD LIGHT 150 W 4000 K FL0912 SD
RA-F1305010;LED FLOOD LIGHT 200 W WHITE FL0912 SD
RA-F1305011;LED FLOOD LIGHT 200 W Yellow FL0912 SD
RA-F1305012;LED FLOOD LIGHT 200 W 4000 K FL0912 SD
RA-F1305013;LED FLOOD LIGHT 250 W WHITE FL0912 SD
RA-F1305014;LED FLOOD LIGHT 250 W Yellow FL0912 SD
RA-F1305015;LED FLOOD LIGHT 250 W 4000 K FL0912 SD
RA-F1305016;LED FLOOD LIGHT 300 W WHITE FL0912 SD
RA-F1305017;LED FLOOD LIGHT 300 W Yellow FL0912 SD
RA-F1305018;LED FLOOD LIGHT 300W 4000 K FL0912 SD
RA-F1305019;LED FLOOD LIGHT 100 W GREEN FL0912 SD
RA-F1305020;LED FLOOD LIGHT 150 W GREEN FL0912 SD
RA-F1305021;LED FLOOD LIGHT 200 W GREEN FL0912 SD
RA-F1305022;LED FLOOD LIGHT 250 W GREEN FL0912 SD
RA-F1305023;LED FLOOD LIGHT 300 W GREEN FL0912 SD
RA-F1306001;HIGH BAY UFO 100W WHITE 6500k- FL0908
RA-F1306002;HIGH BAY UFO 100W YELLOW 3000k- FL0908
RA-F1306003;HIGH BAY UFO 100W - 4000k- FL0908
RA-F1306004;HIGH BAY UFO 150W WHITE 6500k- FL0908
RA-F1306005;HIGH BAY UFO 150W YELLOW 3000k- FL0908
RA-F1306006;HIGH BAY UFO 150 W - 4000k- FL0908
RA-F1306007;HIGH BAY UFO 200W WHITE 6500k- FL0908
RA-F1306008;HIGH BAY UFO 200W YELLOW 3000k- FL0908
RA-F1306009;HIGH BAY UFO 200 W - 4000k- FL0908
RA-F1306010;HIGH BAY UFO 300 W WHITE 6500k- FL0908
RA-F1306101;HIGH BAY UFO 100W 6500K - MY
RA-F1306102;HIGH BAY UFO 150W 6500K - MY
RA-F1306103;HIGH BAY UFO 200W 6500K - MY
RA-F1306104;HIGH BAY UFO 300W 6500K - MY
RA-F1306111;HIGH BAY UFO 100W 4000K - MY
RA-F1306113;HIGH BAY UFO 200W 3CCT - MY
RA-F1306201;HIGH BAY UFO 100-150-200W 6500K - AX DRIVER PHILIPS
RA-F1306202;HIGH BAY UFO 150W 6500K - DRIVER AX
RA-F1306203;HIGH BAY UFO 200W 6500K - DRIVER AX
RA-F1307001;FL0906 -DOB 50 W - GREEN
RA-F1307002;FL0906 -DOB 100 W - GREEN
RA-F1307003;FL0906 -DOB 150 W - GREEN
RA-F1307004;FL0906 -DOB 200 W - GREEN
RA-F1307005;FL0906 -DOB 300 W - GREEN
RA-F1307006;FL0906 -DOB 400 W - GREEN
RA-F1308001;FLOOD LIGHT 50W 6500K DOB- FL0922
RA-F1308002;FLOOD LIGHT 100W 6500K DOB- FL0922
RA-F1308003;FLOOD LIGHT 150W 6500K DOB- FL0922
RA-F1308004;FLOOD LIGHT 200W 6500K DOB- FL0922
RA-F1308005;HIGH BAY UFO 100W 6500K DOB- FL0920
RA-F1308006;HIGH BAY UFO 150W 6500k DOB- FL0920
RA-F1308007;HIGH BAY UFO 200W 6500k DOB- FL0920
RA-F1308008;FLOOD LIGHT 300W 6500K DOB- FL0922
RA-F1308009;FLOOD LIGHT 400W 6500K DOB- FL0922
RA-F1308010;HIGH BAY UFO 300W 6500k DOB- FL0920
RA-F1308014;FLOOD LIGHT 300W 3000K DOB- FL0922
RA-F1308015;FLOOD LIGHT 400W 3000K DOB- FL0922
RA-F1308017;HIGH BAY UFO 100W 4000k DOB- FL0920
RA-F1308019;HIGH BAY UFO 200W 4000k DOB- FL0920
RA-F1308020;HIGH BAY UFO 300W 4000k DOB- FL0920
RA-F1309001;SOLAR FLOOD LIGHT 25W WHITE - RAC2102
RA-F1309002;SOLAR FLOOD LIGHT 40W WHITE - RAC2102
RA-F1309003;SOLAR FLOOD LIGHT 60W WHITE - RAC2102
RA-F1309004;SOLAR FLOOD LIGHT 100W WHITE - RAC2102
RA-F1309005;SOLAR FLOOD LIGHT 200W WHITE - RAC2102
RA-F1309006;SOLAR FLOOD LIGHT 300W WHITE - RAC2102
RA-F1309007;SOLAR FLOOD LIGHT 400W WHITE - SF301
RA-F1309101;SOLAR FLOOD LIGHT 200W - SF307 - CCT DIAMMABLE
RA-F1309102;SOLAR FLOOD LIGHT 300W - SF307 - CCT DIAMMABLE
RA-F1309103;SOLAR FLOOD LIGHT 400W - SF307 - CCT DIAMMABLE
RA-F1310001;FL0904 -DOB 300W - 6500K
RA-F1310002;FL0904 -DOB 400W - 6500K
RA-F1311001;FLOOD LIGHT 50W 6500K DOB- MY-02
RA-F1311002;FLOOD LIGHT 100W 6500K DOB- MY-02
RA-F1311003;FLOOD LIGHT 150W 6500K DOB- MY-02
RA-F1311004;FLOOD LIGHT 200W 6500K DOB- MY-02
RA-F1311005;FLOOD LIGHT 300W 6500K DOB- MY-02
RA-F1311006;FLOOD LIGHT 400W 6500K DOB- MY-02
RA-F1311007;FLOOD LIGHT 50W 3000K DOB- MY-02
RA-F1311008;FLOOD LIGHT 100W 3000K DOB- MY-02
RA-F1311009;FLOOD LIGHT 150W 3000K DOB- MY-02
RA-F1311010;FLOOD LIGHT 200W 3000K DOB- MY-02
RA-F1311011;FLOOD LIGHT 300W 3000K DOB- MY-02
RA-F1311012;FLOOD LIGHT 400W 3000K DOB- MY-02
RA-F1311016;FLOOD LIGHT 200W 4000K DOB- MY-02
RA-F1311017;FLOOD LIGHT 300W 4000K DOB- MY-02
RA-F1311101;FLOOD LIGHT 50W GREEN DOB- MY-02
RA-F1311102;FLOOD LIGHT 100W GREEN DOB- MY-02
RA-F1311103;FLOOD LIGHT 150W GREEN DOB- MY-02
RA-F1311104;FLOOD LIGHT 200W GREEN DOB- MY-02
RA-F1311105;FLOOD LIGHT 300W GREEN DOB- MY-02
RA-F1311106;FLOOD LIGHT 400W GREEN DOB- MY-02
RA-F1311201;FLOOD LIGHT 50W 6500K DOB- MY-02 - GLASS
RA-F1311202;FLOOD LIGHT 100W 6500K DOB- MY-02 - GLASS
RA-F1311203;FLOOD LIGHT 150W 6500K DOB- MY-02 - GLASS
RA-F1311204;FLOOD LIGHT 200W 6500K DOB- MY-02 - GLASS
RA-F1311205;FLOOD LIGHT 300W 6500K DOB- MY-02 - GLASS
RA-F1311206;FLOOD LIGHT 400W 6500K DOB- MY-02 - GLASS
RA-F1312001;DOB HIGH BAY UFO 100W 6500K DOB- MY-02
RA-F1312002;DOB HIGH BAY UFO 150W 6500K DOB- MY-02
RA-F1312003;DOB HIGH BAY UFO 200W 6500K DOB- MY-02
RA-F1312004;DOB HIGH BAY UFO 300W 6500K DOB- MY-02
RA-F1312021;DOB HIGH BAY UFO 100W 4000K DOB- MY-02
RA-F1312101;REFLECTOR - HIGH BAY UFO 100W DOB- MY-02
RA-F1312102;REFLECTOR - HIGH BAY UFO 150W DOB- MY-02
RA-F1312103;REFLECTOR - HIGH BAY UFO 200W DOB- MY-02
RA-F1312104;REFLECTOR - HIGH BAY UFO 300W DOB- MY-02
RA-F1313001;MODULE FLOOD LIGHT 200W 6500K - MY
RA-F1313002;MODULE FLOOD LIGHT 400W 6500K - MY
RA-F1313003;MODULE FLOOD LIGHT 600W 6500K - MY
RA-F1313004;MODULE FLOOD LIGHT 800W 6500K - MY
RA-F1313005;MODULE FLOOD LIGHT 1000W 6500K - MY
RA-f1313101;MODULE FLOOD LIGHT 200W 6500K DOB - AX
RA-F1314001;FLOOD LIGHT 10W 6500K DOB- MY-0506
RA-F1314002;FLOOD LIGHT 20W 6500K DOB- MY-0506
RA-F1314003;FLOOD LIGHT 30W 6500K DOB- MY-0506
RA-F1314101;FLOOD LIGHT 10W 6500K DOB - MY-0506 - GLASS
RA-F1314102;FLOOD LIGHT 20W 6500K DOB - MY-0506 - GLASS
RA-F1314103;FLOOD LIGHT 30W 6500K DOB - MY-0506 - GLASS
RA-F1401001;STREETLIGHT BASE 82 CM WHITHOUT BALLAST
RA-F1401010;Lamp Fixing arm - Black
RA-F1401101;STREET LIGHT 82 MH 250 W (BALLAST-IGNITOR)
RA-F1401102;ST 82 CM MH 400 W(BALLAST-IGNITOR) - RAED
RA-F1401103;ST 82 CM -MH 400 W(BALLAST-IGNITOR) - 50Hz - RAED
RA-F1401104;ST 82 CM MH 400 W(BALLAST-IGNITOR) - RAED - PHOTO CELL
RA-F1401105;ST 82 CM MH 150W ( BALLAST-IGNITOR ) - PHOTO CELL
RA-F1401201;ST 82 HPS 250 W (BALLAST-IGNITOR) VS
RA-F1401202;ST 82 CM HPS 250 W(BALLAST-IG +CAP) R - VS
RA-F1401203;ST 82CM 250 W HPS 50 HZ IGNITOR
RA-F1401204;STRRETLIGHT 82 MH 400 W (BALLAST-IGNITOR)
RA-F1401205;STREETLIGHT 82 HPS 400 W (BALLAST-IGNITOR) VS
RA-F1401301;STREET LIGHT 82 CM 90 W LED
RA-F1401302;STREET LIGHT 82 CM 120 W LED
RA-F1402001;LED STREET LIGHT 50 W 6500K ST001
RA-F1402002;LED STREET LIGHT 50 W 3000K ST001
RA-F1402003;LED STREET LIGHT 100 W 6500K ST001
RA-F1402004;LED STREET LIGHT 100 W 3000K ST001
RA-F1402005;LED STREET LIGHT 150 W 6500K ST001
RA-F1402006;LED STREET LIGHT 150 W 3000K ST001
RA-F1402007;LED STREET LIGHT 100 W 6500K ST002
RA-F1402008;LED STREET LIGHT 100 W 3000K ST002
RA-F1402009;LED STREET LIGHT 150 W 6500K ST002
RA-F1402010;LED STREET LIGHT 150 W 3000K ST002
RA-F1402011;LED STREET LIGHT 200 W 6500K ST002
RA-F1402012;LED STREET LIGHT 200 W 3000K ST002
RA-F1402013;LED STREET LIGHT 250 W 6500K ST002
RA-F1402014;LED STREET LIGHT 250 W 3000K ST002
RA-F1402015;LED STREET LIGHT 100 W 6500K ST007
RA-F1402016;LED STREET LIGHT 100 W 3000K ST007
RA-F1402017;LED STREET LIGHT 150 W 6500K ST007
RA-F1402018;LED STREET LIGHT 150 W 3000K ST007
RA-F1402019;LED STREET LIGHT 150 W 5000k- ST007
RA-F1402020;LED STREET LIGHT 50 W 4000K ST001
RA-F1402101;LED STREET LIGHT 50 W 6500K ST002-With Photo Cell
RA-F1402102;LED STREET LIGHT 50 W 3000K ST002-With Photo Cell
RA-F1402103;LED STREET LIGHT 100 W 6500K ST002 -With Photo Cell
RA-F1402104;LED STREET LIGHT 100 W 3000K ST002 -With Photo Cell
RA-F1402105;LED STREET LIGHT 150 W 6500K ST002 -With Photo Cell
RA-F1402106;LED STREET LIGHT 150W 3000K ST002 -With Photo Cell
RA-F1402107;LED STREET LIGHT 200 W 6500K ST002 -With Photo Cell
RA-F1402108;LED STREET LIGHT 200 W 3000K ST002 -With Photo Cell
RA-F1402109;LED STREET LIGHT 250 W 6500K ST002 -With Photo Cell
RA-F1402110;LED STREET LIGHT 250 W 3000K ST002 -With Photo Cell
RA-F1402111;LED STREET LIGHT 300 W 6500K ST002 -With Photo Cell
RA-F1402112;LED STREET LIGHT 300 W 3000K ST002 -With Photo Cell
RA-F1402114;LED STREET LIGHT 150 W 4000K ST002 -With Photo Cell
RA-F1403001;LED STREET LIGHT 100 W 6500K- ST1108
RA-F1403002;LED STREET LIGHT 100 W 3000K ST1108
RA-F1403003;LED STREET LIGHT 100 W 4000K - ST1108
RA-F1403004;LED STREET LIGHT 150 W 6500K- ST1108
RA-F1403005;LED STREET LIGHT 150 W 3000K ST1108
RA-F1403006;LED STREET LIGHT 150 W 4000K - ST1108
RA-F1403007;LED STREET LIGHT 200 W 6500K- ST1108
RA-F1403008;LED STREET LIGHT 200 W 3000K ST1108
RA-F1403009;LED STREET LIGHT 200 W 4000K - ST1108
RA-F1403010;LED STREET LIGHT 250 W 6500K- ST1108
RA-F1403011;LED STREET LIGHT 250 W 3000K ST1108
RA-F1403012;LED STREET LIGHT 250 W 4000K - ST1108
RA-F1403013;LED STREET LIGHT 200 W 2700K - ST1108
RA-F1403101;LED STREET LIGHT 200 W 6500K- ST1108 -With Photo Cell
RA-F1403102;LED STREET LIGHT 150 W 3000K ST1108 + Photocell holder
RA-F1404001;LED STREET LIGHT 100 W 6500K- ST1110
RA-F1404002;LED STREET LIGHT 100 W 3000K- ST1110
RA-F1404003;LED STREET LIGHT 100 W 4000K- ST1110
RA-F1404004;LED STREET LIGHT 150 W 6500K- ST1110
RA-F1404005;LED STREET LIGHT 150 W 3000K- ST1110
RA-F1404006;LED STREET LIGHT 150 W 4000K- ST1110
RA-F1404007;LED STREET LIGHT 200 W 6500K- ST1110
RA-F1404008;LED STREET LIGHT 200 W 3000K- ST1110
RA-F1404009;LED STREET LIGHT 200 W 4000K- ST1110
RA-F1404010;LED STREET LIGHT 250 W 6500K- ST1110
RA-F1404011;LED STREET LIGHT 250 W 3000K- ST1110
RA-F1404012;LED STREET LIGHT 250 W 4000k- ST1110
RA-F1404013;LED STREET LIGHT 200 W 2700k- ST1110
RA-F1404014;LED STREET LIGHT 300 W 4000k- ST1110
RA-F1405001;STREET LIGHT 6500K 150W - ST1114
RA-F1405002;STREET LIGHT 6500K 200W - ST1114
RA-F1406001;LED STREET LIGHT 100 W 6500K- ST1309
RA-F1406002;LED STREET LIGHT 150 W 6500K- ST1309
RA-F1406003;LED STREET LIGHT 200 W 6500K- ST1309
RA-F1406004;LED STREET LIGHT 250 W 6500K- ST1309
RA-F1406005;LED STREET LIGHT 100 W 3000K- ST1309
RA-F1406006;LED STREET LIGHT 150 W 3000K- ST1309
RA-F1406007;LED STREET LIGHT 200 W 3000K- ST1309
RA-F1406008;LED STREET LIGHT 250 W 3000K- ST1309
RA-F1406009;LED STREET LIGHT 100 W 4000K- ST1309
RA-F1406010;LED STREET LIGHT 150 W 4000K- ST1309
RA-F1406011;LED STREET LIGHT 200 W 4000K- ST1309
RA-F1406012;LED STREET LIGHT 250 W 4000K- ST1309
RA-F1406103;LED STREET LIGHT 200 W 6500K- ST1309 With Photo Cell
RA-F1406110;LED STREET LIGHT 150 W 4000K- ST1309 - With Photo Cell
RA-F1411001;DOB STREET LIGHT 6500K 100W - ST1112
RA-F1411002;DOB STREET LIGHT 6500K 150W - ST1112
RA-F1411003;DOB STREET LIGHT 6500K 200W - ST1112
RA-F1411004;DOB STREET LIGHT 4000K 100W - ST1112
RA-F1411005;DOB STREET LIGHT 4000K 150W - ST1112
RA-F1411006;DOB STREET LIGHT 4000K 200W - ST1112
RA-F1411009;DOB STREET LIGHT 3000K 200W - ST1112
RA-F1411101;ST1112 - DOB 100W - 6500K - SENSOR
RA-F1411102;ST1112 - DOB 150W - 6500K - SENSOR
RA-F1411103;ST1112 - DOB 200W - 6500K - SENSOR
RA-F1411104;ST1112 - DOB 100W - 4000K - SENSOR
RA-F1411105;ST1112 - DOB 150W - 4000K - SENSOR
RA-F1411106;ST1112 - DOB 200W - 4000K - SENSOR
RA-F1411107;ST1112 - DOB 200W - 3000K - SENSOR
RA-f1412001;DOB ST1118 6500K - 100W
RA-F1412002;DOB ST1118 6500K - 150W
RA-F1412003;DOB ST1118 6500K - 200W
RA-F1413001;DOB ST002 6500K - 150W - Sensor
RA-F1413002;DOB ST002 3000K - 150W - Sensor
RA-F1413003;DOB ST002 4000K - 150W - Sensor
RA-F1413004;DOB ST002 6500K - 200W - Sensor
RA-F1413005;DOB ST002 3000K - 200W - Sensor
RA-F1413006;DOB ST002 4000K - 200W - Sensor
RA-F1413007;DOB ST002 6500K - 250W - Sensor
RA-F1413008;DOB ST002 3000K - 250W - Sensor
RA-F1413009;DOB ST002 4000K - 250W - Sensor
RA-F1414001;STREET LIGHT 100W 6500K DOB - SENSOR - YS-01
RA-F1414002;STREET LIGHT 100W 4000K DOB - SENSOR - YS-01
RA-F1414004;STREET LIGHT 150W 4000K DOB - SENSOR - YS-01
RA-F1414005;STREET LIGHT 200W 6500K DOB - SENSOR - YS-01
RA-F1421001;SOLAR STREET LIGHT150W 6500K - RAC2302
RA-F1421002;SOLAR STREET LIGHT200W 6500K - RAC2302
RA-F1421003;SOLAR STREET LIGHT250W 6500K - RAC2302
RA-F1421004;SOLAR STREET LIGHT 120W 6500K - RAC2333
RA-F1421005;SOLAR STREET LIGHT300W 6500K - RAC2302
RA-F1421006;SOLAR STREET LIGHT350W 6500K - RAC2302
RA-F1421007;SOLAR STREET LIGHT400W 6500K - RAC2302
RA-F1421008;SOLAR STREET LIGHT600W 6500K - RAC2302
RA-F1421009;SOLAR STREET LIGHT800W 6500K - RAC2302
RA-F1421010;SOLAR STREET LIGHT 500W 6500K - RAC2302
RA-F1421101;SOLAR STREET LIGHT 300W 6500K - RAC2302-16
RA-F1421102;SOLAR STREET LIGHT 400W 6500K - RAC2302-16
RA-F1421199;Arm Pole + Clamp SOLAR STREET LIGHT - RAC2302-16
RA-F1421201;SOLAR STREET LIGHT 300W 6500K - RAC2302-17
RA-F1421202;SOLAR STREET LIGHT 400W 6500K - RAC2302-17
RA-F1421299;Arm Pole + Clamp SOLAR STREET LIGHT - RAC2302-17
RA-F1421301;SOLAR STREET LIGHT 600W 6500K - RAC2302-19
RA-F1421401;SOLAR STREET LIGHT600W 6500K - LS-608 THREE SIDE MODEL
RA-F1421402;SOLAR STREET LIGHT 800W 6500K - LS-608 THREE SIDE MODEL
RA-F1421599;Arm Pole + Clamp SOLAR STREET LIGHT - RAC2302
RA-F1501001;SWITCH 1 GANG 1 WAY RV-VIB-11
RA-F1501002;SWITCH 1 GANG 2 WAY RV-VIB-12
RA-F1501003;SWITCH 1 GANG 2 WAY RV-VIB-13
RA-F1501004;SWITCH 2 GANG 1 WAY RV-VIB-21
RA-F1501005;SWITCH 2 GANG 2 WAY RV-VIB-22
RA-F1501006;SWITCH 3 GANG 1 WAY RV-VIB-31
RA-F1501007;SWITCH 3 GANG 2 WAY RV-VIB-32
RA-F1501008;SWITCH 4 GANG 1 WAY RV-VIB-41
RA-F1501009;SWITCH 4 GANG 2 WAY RV-VIB-42
RA-F1501010;SWITCH 4 GANG 1 WAY 7*14 RV-VIB-411
RA-F1501011;SWITCH Bell RV-VIB-14
RA-F1501012;SWITCH 20A Heater RV-VIB-20
RA-F1501013;SOCKET 1 GANG 13A RV-VIB-33
RA-F1501014;SOCKET 1 GANG 13A RV-VIB-33- USB
RA-F1501015;SOCKET 2 GANG 13A RV-VIB-53
RA-F1501016;SOCKET SATELLITE RV-VIB-64
RA-F1501017;SOCKET TELEPHONE RV-VIB-48
RA-F1501018;SOCKET COMPUTRE RV-VIB-58
RA-F1501019;SOCKET COMPUTRE RV-VIB-58 - CAT6
RA-F1501020;SWITCH 45A CONDITIONER 7*7 RV-VIB-74
RA-F1501021;SWITCH 45A CONDITIONER 7*14 RV-VIB-72
RA-F1501022;1GANG BLANK PLATE RV-VIB-01
RA-F1501023;2GANG BLANK PLATE RV-VIB-02
RA-F1501024;1Gang Connector RV-VIB-45
RA-F1501025;1GANG Led Dimmer RV-VIB-89
RA-F1501026;SOCKET 1 GANG 13A RV-VIB-33- USB-TYPE-C
RA-F1501101;SWITCH 1 GANG 1 WAY RV-VIB-11 - Beige
RA-F1501102;SWITCH 1 GANG 2 WAY RV-VIB-12 -Beige
RA-F1501103;SWITCH 1 GANG 2 WAY RV-VIB-13 - Beige
RA-F1501104;SWITCH 2 GANG 1 WAY RV-VIB-21 - Beige
RA-F1501105;SWITCH 2 GANG 2 WAY RV-VIB-22 - Beige
RA-F1501106;SWITCH 3 GANG 1 WAY RV-VIB-31 - Beige
RA-F1501107;SWITCH 3 GANG 2 WAY RV-VIB-32 - Beige
RA-F1501108;SWITCH 4 GANG 1 WAY RV-VIB-41 - Beige
RA-F1501109;SWITCH 4 GANG 1 WAY 7*14 RV-VIB-411 - Beige
RA-F1501110;SWITCH Bell RV-VIB-14 - Beige
RA-F1501111;SWITCH 20A Heater RV-VIB-20 - Beige
RA-F1501112;SOCKET 1 GANG 13A RV-VIB-33 - Beige
RA-F1501113;SOCKET 1 GANG 13A RV-VIB-USB33 - Beige
RA-F1501114;SOCKET 2 GANG 13A RV-VIB-53 - Beige
RA-F1501115;SOCKET TELEPHONE RV-VIB-48 - Beige
RA-F1501116;SOCKET COMPUTRE RV-VIB-58 - Beige
RA-F1501117;SOCKET SATELLITE RV-VIB-64 - Beige
RA-F1501118;SWITCH 45A CONDITIONER 7*7 RV-VIB-74 - Beige
RA-F1501119;SWITCH 45A CONDITIONER 7*14 RV-VIB-72 - Beige
RA-F1501120;1GANG BLANK PLATE RV-VIB-01- Beige
RA-F1501121;1Gang Connector RV-VIB-45 - Beige
RA-F1501122;2GANG BLANK PLATE RV-VIB-02- Beige
RA-F1501123;1GANG Led Dimmer RV-VIB-89 - Beige
RA-F1502001;SWITCH 1 GANG 1 WAY EFQ-301
RA-F1502002;SWITCH 1 GANG 2 WAY EFQ-302
RA-F1502003;SET SWITCH 1 GANG INTERMEDIATE EFQ-313
RA-F1502004;SWITCH 2 GANG 1 WAY EFQ-303
RA-F1502005;SWITCH 2 GANG 2 WAY EFQ-304
RA-F1502006;SWITCH 3 GANG 1 WAY EFQ-305
RA-F1502007;SWITCH 3 GANG 2 WAY EFQ-306
RA-F1502008;SWITCH 4 GANG 1 WAY EFQ-363
RA-F1502009;SWITCH HEATER 20A-1 GANG EFQ-324
RA-F1502010;SOCKET 13A - 1 GANG EFQ-411
RA-F1502011;SOCKET 13A- 1 GANG USB EFQ-456
RA-F1502012;SOCKET 13A- 2 GANG EFQ-412
RA-F1502013;SWITCH 45A CONDITIONER 7*7 EFQ-327
RA-F1502014;SWITCH 45A CONDITIONER 7*14 EFQ-329
RA-F1502015;SWITCH BELL EFQ-317
RA-F1502016;COMPUTER DATA SOCKET - EFQ-442
RA-F1502017;SOCKET TELEPHONE EFQ-452
RA-F1502018;SOCKET SATELITE EFQ-165
RA-F1502019;BLANK PLATE 7*7 EFQ-401
RA-F1502020;BLANK PLATE 7*14 EFQ-402
RA-F1502021;1Gang Connector EFQ-821
RA-F1503101;SWITCH 1 GANG 1 WAY RV-R1W11
RA-F1503102;SWITCH 1 GANG 2 WAY RV-R1W12
RA-F1503103;SWITCH 1 GANG 2 WAY RV-R1W13
RA-F1503104;SWITCH 2 GANG 1 WAY RV-R1W21
RA-F1503105;SWITCH 2 GANG 2 WAY RV-R1W22
RA-F1503106;SWITCH 3 GANG 1 WAY RV-R1W31
RA-F1503107;SWITCH 3 GANG 2 WAY RV-R1W32
RA-F1503108;SWITCH 4 GANG 1 WAY RV-R1W41
RA-F1503109;SWITCH 4 GANG 1 WAY 7*14 RV-R1W411
RA-F1503110;SWITCH 4 GANG 2 WAY RV-R1W42
RA-F1503111;SOCKET 1 GANG 13A RV-R1W33
RA-F1503112;SOCKET 1 GANG 13A RV-R1W13 USB
RA-F1503113;SOCKET 2 GANG 13A RV-R1W53
RA-F1503114;SWITCH Bell WHITE RV-R1W14
RA-F1503115;SWITCH 20A HEATER WHITE RV-R1W20
RA-F1503116;SOCKET TELEPHONE RV-R1W48
RA-F1503117;SWITCH Computer WHITE RV-R1W58
RA-F1503118;SWITCH Computer WHITE RV-R1W58 CAT-6
RA-F1503119;SOCKET SATELLITE RV-R1W64
RA-F1503120;SWITCH 45A CONDITIONER 7*7 RV-R1W74
RA-F1503121;SWITCH 45A CONDITIONER 7*14 RV-R1W72
RA-F1503122;BLANK PLATE 7 × 7 RV-R1W01
RA-F1503123;BLANK PLATE 7 × 14 RV-R1W02
RA-F1503124;1Gang Connector RV-R1W45
RA-F1503125;SWITCH UP/DOWN-RV-R1W88
RA-F1503126;SWITCH SENSOR RV-R1W80
RA-F1503127;SOCKET 1 GANG 13A RV-R1W13 USB -TYPE
RA-F1503201;SWITCH 1 GANG 1 WAY RV-R1B11
RA-F1503202;SWITCH 1 GANG 2 WAY RV-R1B12
RA-F1503203;SWITCH 1 GANG 2 WAY RV-R1B13
RA-F1503204;SWITCH 2 GANG 1 WAY RV-R1B21
RA-F1503205;SWITCH 2 GANG 2 WAY RV-R1B22
RA-F1503206;SWITCH 3 GANG 1 WAY RV-R1B31
RA-F1503207;SWITCH 3 GANG 2 WAY RV-R1B32
RA-F1503208;SWITCH 4 GANG 1 WAY RV-R1B41
RA-F1503209;SWITCH 4 GANG 1 WAY 7*14 RV-R1B411
RA-F1503210;SWITCH 4 GANG 2 WAY RV-R1B42
RA-F1503211;SOCKET 1 GANG 13A RV-R1B33
RA-F1503212;SOCKET 1 GANG 13A RV-R1B13 USB
RA-F1503213;SOCKET 2 GANG 13A RV-R1B53
RA-F1503214;SWITCH Bell BLACK RV-R1B14
RA-F1503215;SWITCH 20A HEATER BLACK RV-R1B20
RA-F1503216;SOCKET TELEPHONE RV-R1B48
RA-F1503217;SWITCH Computer BLACK RV-R1B58
RA-F1503218;SOCKET SATELLITE RV-R1B64
RA-F1503219;SWITCH 45A CONDITIONER 7*7 RV-R1B74
RA-F1503220;SWITCH 45A CONDITIONER 7*14 RV-R1B72
RA-F1503221;BLANK PLATE 7 × 7 RV-R1B01
RA-F1503222;BLANK PLATE 7 × 14 RV-R1B02
RA-F1503223;1Gang Connector RV-R1B45
RA-F1503224;SWITCH Computer BLACK RV-R1B58 CAT-6
RA-F1503225;1Gang UP/DOWN RV-R1B88
RA-F1503226;SWITCH SENSOR RV-R1B 80
RA-F1503227;SOCKET 1 GANG 13A RV-R1B13 USB -TYPE
RA-F1503301;SWITCH 1 GANG 1 WAY RV-R1GR-11
RA-F1503302;SWITCH 1 GANG 2 WAY RV-R1GR-12
RA-F1503303;SWITCH 1 GANG 2 WAY RV-R1GR-13
RA-F1503304;SWITCH 2 GANG 1 WAY RV-R1GR-21
RA-F1503305;SWITCH 2 GANG 2 WAY RV-R1GR-22
RA-F1503306;SWITCH 3 GANG 1 WAY RV-R1GR-31
RA-F1503307;SWITCH 3 GANG 2 WAY RV-R1GR-32
RA-F1503308;SWITCH 4 GANG 1 WAY RV-R1GR-41
RA-F1503309;SWITCH 4 GANG 1 WAY 7*14 RV-R1GR-411
RA-F1503310;SWITCH 4 GANG 2 WAY RV-R1GR-42
RA-F1503311;SOCKET 1 GANG 13A RV-R1GR-33
RA-F1503312;SOCKET 1 GANG 13A RV-R1GR-13USB
RA-F1503313;SOCKET 2 GANG 13A RV-R1GR-53
RA-F1503314;SWITCH Bell GRAY RV-R1GR-14
RA-F1503315;SWITCH 20A HEATER GRAY RV-R1GR-20
RA-F1503316;SOCKET TELEPHONE RV-R1GR-48
RA-F1503317;SWITCH Computer GRAY RV-R1GR-58
RA-F1503318;SOCKET SATELLITE RV-R1GR-64
RA-F1503319;SWITCH 45A CONDITIONER 7*7 RV-R1GR-74
RA-F1503320;SWITCH 45A CONDITIONER 7*14 RV-R1GR-72
RA-F1503321;BLANK PLATE 7 × 7 RV-R1GR-01
RA-F1503322;BLANK PLATE 7 × 14 RV-R1GR-02
RA-F1503323;1Gang Connector RV-R1GR-45
RA-F1503324;SWITCH Computer GRAY RV-R1GR-58 CAT- 6
RA-F1503325;SWITCH UP/DOWN RV-R1GR-88
RA-F1503326;SWITCH SENSOR RV-R1GR 80
RA-F1503327;SOCKET 1 GANG 13A RV-R1GR-13USB -TYPE
RA-F1503401;SWITCH 1 GANG 1 WAY RV-R1P11
RA-F1503402;SWITCH 1 GANG 2 WAY RV-R1P12
RA-F1503403;SWITCH 1 GANG 2 WAY RV-R1P13
RA-F1503404;SWITCH 2 GANG 1 WAY RV-R1P21
RA-F1503405;SWITCH 2 GANG 2 WAY RV-R1P22
RA-F1503406;SWITCH 3 GANG 1 WAY RV-R1P31
RA-F1503407;SWITCH 3 GANG 2 WAY RV-R1P32
RA-F1503408;SWITCH 4 GANG 1 WAY RV-R1P41
RA-F1503409;SWITCH 4 GANG 1 WAY 7*14 RV-R1P411
RA-F1503410;SWITCH 4 GANG 2 WAY RV-R1P42
RA-F1503411;SOCKET 1 GANG 13A RV-R1P33
RA-F1503412;SOCKET 1 GANG 13A RV-R1P13 USB
RA-F1503413;SOCKET 2 GANG 13A RV-R1P53
RA-F1503414;SWITCH Bell PEARL RV-R1P14
RA-F1503415;SWITCH 20A HEATER PEARL RV-R1P20
RA-F1503416;SOCKET TELEPHONE RV-R1P48
RA-F1503417;SWITCH Computer PEARL RV-R1P58
RA-F1503418;SOCKET SATELLITE RV-R1P64
RA-F1503419;SWITCH 45A CONDITIONER 7*7 RV-R1P74
RA-F1503420;SWITCH 45A CONDITIONER 7*14 RV-R1P72
RA-F1503421;BLANK PLATE 7 × 7 RV-R1P01
RA-F1503422;BLANK PLATE 7 × 14 RV-R1P02
RA-F1503423;1Gang Connector RV-R1P45
RA-F1503424;SWITCH Computer PEARL RV-R1P58 CAT-6
RA-F1503425;SWITCHUP/DOWN RV-R1P-88
RA-F1503426;SWITCH SENSOR RV-R1P 80
RA-F1503427;SOCKET 1 GANG 13A RV-R1P13 USB - TYPE C
RA-F1503501;SWITCH 1 GANG 1 WAY RV-R1GO11
RA-F1503502;SWITCH 1 GANG 2 WAY RV-R1GO12
RA-F1503503;SWITCH 1 GANG 2 WAY RV-R1GO13
RA-F1503504;SWITCH 2 GANG 1 WAY RV-R1GO21
RA-F1503505;SWITCH 2 GANG 2 WAY RV-R1GO22
RA-F1503506;SWITCH 3 GANG 1 WAY RV-R1GO31
RA-F1503507;SWITCH 3 GANG 2 WAY RV-R1GO32
RA-F1503508;SWITCH 4 GANG 1 WAY RV-R1GO41
RA-F1503509;SWITCH 4 GANG 1 WAY 7*14 RV-R1GO411
RA-F1503510;SWITCH 4 GANG 2 WAY RV-R1GO42
RA-F1503511;SOCKET 1 GANG 13A RV-R1GO33
RA-F1503512;SOCKET 1 GANG 13A RV-R1GO13 USB
RA-F1503513;SOCKET 2 GANG 13A RV-R1GO53
RA-F1503514;SWITCH Bell GOLD RV-R1GO14
RA-F1503515;SWITCH 20A HEATER GOLD RV-R1GO20
RA-F1503516;SOCKET TELEPHONE RV-R1GO48
RA-F1503517;SWITCH Computer GOLD RV-R1GO58
RA-F1503518;SOCKET SATELLITE RV-R1GO64
RA-F1503519;SWITCH 45A CONDITIONER 7*7 RV-R1GO74
RA-F1503520;SWITCH 45A CONDITIONER 7*14 RV-R1GO72
RA-F1503521;BLANK PLATE 7 × 7 RV-R1GO01
RA-F1503522;BLANK PLATE 7 × 14 RV-R1GO02
RA-F1503523;1Gang Connector RV-R1GO45
RA-F1503524;SWITCH Computer GOLD RV-R1GO58 CAT-6
RA-F1503525;SWITCH UP/DOWN RV-R1GO-88
RA-F1503526;SWITCH SENSOR RV-R1GO 80
RA-F1503527;SOCKET 1 GANG 13A RV-R1GO13 USB - TYPE C
RA-F1504101;WHITE SWITCH 1 GANG 1 WAY RV-R3W-11
RA-F1504102;WHITE SWITCH 1 GANG 2 WAY RV-R3W-12
RA-F1504103;SWITCH 1 GANG 2 WAY RV-R3W-13
RA-F1504104;WHITE SWITCH 2 GANG 1 WAY RV-R3W-21
RA-F1504105;WHITE SWITCH 2 GANG 2 WAY RV-R3W-22
RA-F1504106;WHITE SWITCH 3 GANG 1 WAY RV-R3W-31
RA-F1504107;WHITE SWITCH 3 GANG 2 WAY RV-R3W-32
RA-F1504108;WHITE SWITCH 4 GANG 1 WAY RV-R3W-41
RA-F1504109;WHITE SWITCH 4 GANG 2 WAY RV-R3W-42
RA-F1504110;WHITE SWITCH Bell RV-R3W-14
RA-F1504111;WHITE SWITCH 20A HEATER RV-R3W-20
RA-F1504112;WHITE SOCKET 1 GANG 13A RV-R3W-33
RA-F1504113;WHITE SOCKET 1 GANG 13A RV-R3W-13 USB
RA-F1504114;WHITE SOCKET 2 GANG 13A RV-R3W-53
RA-F1504115;WHITE SOCKET SATELLITE RV-R3W-64
RA-F1504116;WHITE SOCKET TELEPHONE RV-R3W-48
RA-F1504117;WHITE SOCKET COMPUTER RV-R3W-58
RA-F1504118;WHITE SOCKET COMPUTER CAT6 RV-R3W-58
RA-F1504119;WHITE SWITCH 45A 7*7 RV-R3W-74
RA-F1504120;WHITE SWITCH 45A 7*14 RV-R3W-72
RA-F1504121;WHITE BLANK PLATE 7×7 RV-R3W-01
RA-F1504122;WHITE BLANK PLATE 7×14 RV-R3W-02
RA-F1504123;WHITE 1Gang CONNECTOR RV-R3W-45
RA-F1504124;WHITE SWITCH SENSOR RV-R3W-80
RA-F1504125;WHITE SWITCH UP/DOWN RV-R3W-88
RA-F1504126;WHITE SOCKET 1 GANG 13A RV-R3W-13 USB - TYPE C
RA-F1504201;BLACK SWITCH 1 GANG 1 WAY RV-R3B-11
RA-F1504202;BLACK SWITCH 1 GANG 2 WAY RV-R3B-12
RA-F1504203;BLACK SWITCH 1 GANG 2 WAY RV-R3B-13
RA-F1504204;BLACK SWITCH 2 GANG 1 WAY RV-R3B-21
RA-F1504205;BLACK SWITCH 2 GANG 2 WAY RV-R3B-22
RA-F1504206;BLACK SWITCH 3 GANG 1 WAY RV-R3B-31
RA-F1504207;BLACK SWITCH 3 GANG 2 WAY RV-R3B-32
RA-F1504208;BLACK SWITCH 4 GANG 1 WAY RV-R3B-41
RA-F1504209;BLACK SWITCH 4 GANG 2 WAY RV-R3B-42
RA-F1504210;BLACK SWITCH Bell RV-R3B-14
RA-F1504211;BLACK SWITCH 20A HEATER RV-R3B-20
RA-F1504212;BLACK SOCKET 1 GANG 13A RV-R3B-33
RA-F1504213;BLACK SOCKET 1 GANG 13A RV-R3B-13 USB
RA-F1504214;BLACK SOCKET 2 GANG 13A RV-R3B-53
RA-F1504215;BLACK SOCKET SATELLITE RV-R3B-64
RA-F1504216;BLACK SOCKET TELEPHONE RV-R3B-48
RA-F1504217;BLACK SOCKET COMPUTER RV-R3B-58
RA-F1504218;BLACK SOCKET COMPUTER CAT6 RV-R3B-58
RA-F1504219;BLACK SWITCH 45A 7*7 RV-R3B-74
RA-F1504220;BLACK SWITCH 45A 7*14 RV-R3B-72
RA-F1504221;BLACK BLANK PLATE 7×7 RV-R3B-01
RA-F1504222;BLACK BLANK PLATE 7×14 RV-R3B-02
RA-F1504223;BLACK 1Gang CONNECTOR RV-R3B-45
RA-F1504224;BLACK SWITCH SENSOR RV-R3B-80
RA-F1504225;BLACK SWITCH UP/DOWN RV-R3B-88
RA-F1504226;BLACK SOCKET 1 GANG 13A RV-R3B-13 USB -TYPE C
RA-F1504301;GRAY SWITCH 1 GANG 1 WAY RV-R3GR-11
RA-F1504302;GRAY SWITCH 1 GANG 2 WAY RV-R3GR-12
RA-F1504303;GRAY SWITCH 1 GANG 2 WAY RV-R3GR-13
RA-F1504304;GRAY SWITCH 2 GANG 1 WAY RV-R3GR-21
RA-F1504305;GRAY SWITCH 2 GANG 2 WAY RV-R3GR-22
RA-F1504306;GRAY SWITCH 3 GANG 1 WAY RV-R3GR-31
RA-F1504307;GRAY SWITCH 3 GANG 2 WAY RV-R3GR-32
RA-F1504308;GRAY SWITCH 4 GANG 1 WAY RV-R3GR-41
RA-F1504309;GRAY SWITCH 4 GANG 2 WAY RV-R3GR-42
RA-F1504310;GRAY SWITCH Bell RV-R3GR-14
RA-F1504311;GRAY SWITCH 20A HEATER RV-R3GR-20
RA-F1504312;GRAY SOCKET 1 GANG 13A RV-R3GR-33
RA-F1504313;GRAY SOCKET 1 GANG 13A RV-R3GR-13 USB
RA-F1504314;GRAY SOCKET 2 GANG 13A RV-R3GR-53
RA-F1504315;GRAY SOCKET SATELLITE RV-R3GR-64
RA-F1504316;GRAY SOCKET TELEPHONE RV-R3GR-48
RA-F1504317;GRAY SOCKET COMPUTER RV-R3GR-58
RA-F1504318;GRAY SOCKET COMPUTER CAT6 RV-R3GR-58
RA-F1504319;GRAY SWITCH 45A 7*7 RV-R3GR-74
RA-F1504320;GRAY SWITCH 45A 7*14 RV-R3GR-72
RA-F1504321;GRAY BLANK PLATE 7×7 RV-R3GR-01
RA-F1504322;GRAY BLANK PLATE 7×14 RV-R3GR-02
RA-F1504323;GRAY 1Gang CONNECTOR RV-R3GR-45
RA-F1504324;GRAY SWITCH SENSOR RV-R3GR-80
RA-F1504325;GRAY SWITCH UP/DOWN RV-R3GR-88
RA-F1504326;GRAY SOCKET 1 GANG 13A RV-R3GR-13 USB -TYPE C
RA-F1504401;GOLD SWITCH 1 GANG 1 WAY RV-R3GO-11
RA-F1504402;GOLD SWITCH 1 GANG 2 WAY RV-R3GO-12
RA-F1504403;GOLD SWITCH 1 GANG 2 WAY RV-R3GO-13
RA-F1504404;GOLD SWITCH 2 GANG 1 WAY RV-R3GO-21
RA-F1504405;GOLD SWITCH 2 GANG 2 WAY RV-R3GO-22
RA-F1504406;GOLD SWITCH 3 GANG 1 WAY RV-R3GO-31
RA-F1504407;GOLD SWITCH 3 GANG 2 WAY RV-R3GO-32
RA-F1504408;GOLD SWITCH 4 GANG 1 WAY RV-R3GO-41
RA-F1504409;GOLD SWITCH 4 GANG 2 WAY RV-R3GO-42
RA-F1504410;GOLD SWITCH Bell RV-R3GO-14
RA-F1504411;GOLD SWITCH 20A HEATER RV-R3GO-20
RA-F1504412;GOLD SOCKET 1 GANG 13A RV-R3GO-33
RA-F1504413;GOLD SOCKET 1 GANG 13A RV-R3GO-13 USB
RA-F1504414;GOLD SOCKET 2 GANG 13A RV-R3GO-53
RA-F1504415;GOLD SOCKET SATELLITE RV-R3GO-64
RA-F1504416;GOLD SOCKET TELEPHONE RV-R3GO-48
RA-F1504417;GOLD SOCKET COMPUTER RV-R3GO-58
RA-F1504418;GOLD SOCKET COMPUTER CAT6 RV-R3GO-58
RA-F1504419;GOLD SWITCH 45A 7*7 RV-R3GO-74
RA-F1504420;GOLD SWITCH 45A 7*14 RV-R3GO-72
RA-F1504421;GOLD BLANK PLATE 7×7 RV-R3GO-01
RA-F1504422;GOLD BLANK PLATE 7×14 RV-R3GO-02
RA-F1504423;GOLD 1Gang CONNECTOR RV-R3GO-45
RA-F1504424;GOLD SWITCH SENSOR RV-R3GO-80
RA-F1504425;GOLD SWITCH UP/DOWN RV-R3GO-88
RA-F1504426;GOLD SOCKET 1 GANG 13A RV-R3GO-13 USB -TYPE C
RA-F1504501;COFFEE+GOLD SWITCH 1 GANG 1 WAY RV-R3CG-11
RA-F1504502;COFFEE+GOLD SWITCH 1 GANG 2 WAY RV-R3CG-12
RA-F1504503;COFFEE+GOLD SWITCH 1 GANG 2 WAY RV-R3CG-13
RA-F1504504;COFFEE+GOLD SWITCH 2 GANG 1 WAY RV-R3CG-21
RA-F1504505;COFFEE+GOLD SWITCH 2 GANG 2 WAY RV-R3CG-22
RA-F1504506;COFFEE+GOLD SWITCH 3 GANG 1 WAY RV-R3CG-31
RA-F1504507;COFFEE+GOLD SWITCH 3 GANG 2 WAY RV-R3CG-32
RA-F1504508;COFFEE+GOLD SWITCH 4 GANG 1 WAY RV-R3CG-41
RA-F1504509;COFFEE+GOLD SWITCH 4 GANG 2 WAY RV-R3CG-42
RA-F1504510;COFFEE+GOLD SWITCH Bell RV-R3CG-14
RA-F1504511;COFFEE+GOLD SWITCH 20A HEATER RV-R3CG-20
RA-F1504512;COFFEE+GOLD SOCKET 1 GANG 13A RV-R3CG-33
RA-F1504513;COFFEE+GOLD SOCKET 1 GANG 13A RV-R3CG-13 USB
RA-F1504514;COFFEE+GOLD SOCKET 2 GANG 13A RV-R3CG-53
RA-F1504515;COFFEE+GOLD SOCKET SATELLITE RV-R3CG-64
RA-F1504516;COFFEE+GOLD SOCKET TELEPHONE RV-R3CG-48
RA-F1504517;COFFEE+GOLD SOCKET COMPUTER RV-R3CG-58
RA-F1504518;COFFEE+GOLD SOCKET COMPUTER CAT6 RV-R3CG-58
RA-F1504519;COFFEE+GOLD SWITCH 45A 7*7 RV-R3CG-74
RA-F1504520;COFFEE+GOLD SWITCH 45A 7*14 RV-R3CG-72
RA-F1504521;COFFEE+GOLD BLANK PLATE 7×7 RV-R3CG-01
RA-F1504522;COFFEE+GOLD BLANK PLATE 7×14 RV-R3CG-02
RA-F1504523;COFFEE+GOLD 1Gang CONNECTOR RV-R3CG-45
RA-F1504524;COFFEE+GOLD SWITCH SENSOR RV-R3CG-80
RA-F1504525;COFFEE+GOLD SWITCH UP/DOWN RV-R3CG-88
RA-F1504526;COFFEE+GOLD SOCKET 1 GANG 13A RV-R3CG-13 USB -TYPE C
RA-F1505101;BLACK SWITCH 1 GANG 1 WAY A2-B001-11
RA-F1505102;BLACK SWITCH 1 GANG 2 WAY A2-B002-12
RA-F1505103;BLACK SWITCH 1GANG INTERMEDIATE A2-B003-13
RA-F1505104;BLACK SWITCH 2 GANG 1 WAY RV-A2-B004-21
RA-F1505105;BLACK SWITCH 2 GANG 2 WAY A2-B005-22
RA-F1505106;BLACK SWITCH 3 GANG 1 WAY A2-B006-31
RA-F1505107;BLACK SWITCH 3 GANG 2 WAY A2-B007-32
RA-F1505108;BLACK SWITCH 4 GANG 1 WAY A2-B008-41
RA-F1505109;BLACK SWITCH Bell A2-B009-14
RA-F1505110;BLACK SWITCH 20A HEATER A2-B010-20
RA-F1505111;BLACK SOCKET 1 GANG 13A A2-B011-33
RA-F1505112;BLACK SOCKET 1 GANG 13A A2-B012-13 USB - TYPE C
RA-F1505113;BLACK SOCKET 2 GANG 13A A2-B013-53
RA-F1505114;BLACK SOCKET SATELLITE A2-B014-64
RA-F1505115;BLACK SOCKET TELEPHONE A2-B015-48
RA-F1505116;BLACK SOCKET COMPUTER A2-B016-58
RA-F1505117;BLACK SOCKET COMPUTER CAT6 A2-B017-58
RA-F1505118;BLACK SWITCH 45A 7*7 A2-B018-74
RA-F1505119;BLACK SWITCH 45A 7*14 A2-B019-72
RA-F1505120;BLACK BLANK PLATE 7×7 A2-B020-01
RA-F1505121;BLACK BLANK PLATE 7×14 A2-B021-02
RA-F1505122;BLACK 1Gang CONNECTOR A2-B022-45
RA-F1505123;BLACK SWITCH DIMMER BLACK A2-B023-89
RA-F1505124;BLACK SWITCH SENSOR A2-B024-80
RA-F1505125;BLACK SWITCH UP/DOWN A2-B025-88
RA-F1505126;BLACK SWITCH NIGHT LIGHT A2-B026-
RA-F1505127;BLACK SOCKET 2 GANG 13A A2-B012-13 USB -TYPE C
RA-F1505128;SWITCH INSERT CARD A2 - BLACK
RA-F1505201;SWITCH 1 GANG 1 WAY A2-GR001-11
RA-F1505202;SWITCH 1 GANG 2 WAY A2-GR02-12
RA-F1505203;SWITCH 1GANG INTERMEDIATE A2-GR03-13
RA-F1505204;SWITCH 2 GANG 1 WAY RV-A2-GR04-21
RA-F1505205;SWITCH 2 GANG 2 WAY A2-GR05-22
RA-F1505206;SWITCH 3 GANG 1 WAY A2-GR06-31
RA-F1505207;SWITCH 3 GANG 2 WAY A2-GR07-32
RA-F1505208;SWITCH 4 GANG 1 WAY A2-GR008-41
RA-F1505209;SWITCH Bell A2-GR009-14
RA-F1505210;SWITCH 20A HEATER A2-GR010-20
RA-F1505211;SOCKET 1 GANG 13A A2-GR011-33
RA-F1505212;SOCKET 1 GANG 13A A2-GR012-13 USB - TYPE C
RA-F1505213;SOCKET 2 GANG 13A A2-GR013-53
RA-F1505214;SOCKET SATELLITE A2-GR014-64
RA-F1505215;SOCKET TELEPHONE A2-GR015-48
RA-F1505216;SOCKET COMPUTER A2-GR016-58
RA-F1505217;SOCKET COMPUTER CAT6 A2-GR017-58
RA-F1505218;SWITCH 45A 7*7 A2-GR018-74
RA-F1505219;SWITCH 45A 7*14 A2-GR019-72
RA-F1505220;BLANK PLATE 7×7 A2-GR020-01
RA-F1505221;BLANK PLATE 7×14 A2-GR021-02
RA-F1505222;1Gang CONNECTOR A2-GR022-45
RA-F1505223;SWITCH DIMMER A2-GR023-89
RA-F1505224;SWITCH SENSOR A2-GR024-80
RA-F1505225;SWITCH UP/DOWN A2-GR025-88
RA-F1505226;SWITCH NIGHT LIGHT A2-GR026-
RA-F1505227;SOCKET 2 GANG 13A A2-GR012-13 USB -TYPE C
RA-F1505228;SWITCH INSERT CARD A2 - GRAY
RA-F1505301;SWITCH 1 GANG 1 WAY A2-P001-11
RA-F1505302;SWITCH 1 GANG 2 WAY A2-P02-12
RA-F1505303;SWITCH 1GANG INTERMEDIATE A2-P03-13
RA-F1505304;SWITCH 2 GANG 1 WAY RV-A2-P04-21
RA-F1505305;SWITCH 2 GANG 2 WAY A2-P05-22
RA-F1505306;SWITCH 3 GANG 1 WAY A2-P06-31
RA-F1505307;SWITCH 3 GANG 2 WAY A2-P07-32
RA-F1505308;SWITCH 4 GANG 1 WAY A2-P008-41
RA-F1505309;SWITCH Bell A2-P009-14
RA-F1505310;SWITCH 20A HEATER A2-P010-20
RA-F1505311;SOCKET 1 GANG 13A A2-P011-33
RA-F1505312;SOCKET 1 GANG 13A A2-P012-13 USB - TYPE C
RA-F1505313;SOCKET 2 GANG 13A A2-P013-53
RA-F1505314;SOCKET SATELLITE A2-P014-64
RA-F1505315;SOCKET TELEPHONE A2-P015-48
RA-F1505316;SOCKET COMPUTER A2-P016-58
RA-F1505317;SOCKET COMPUTER CAT6 A2-P017-58
RA-F1505318;SWITCH 45A 7*7 A2-P018-74
RA-F1505319;SWITCH 45A 7*14 A2-P019-72
RA-F1505320;BLANK PLATE 7×7 A2-P020-01
RA-F1505321;BLANK PLATE 7×14 A2-P021-02
RA-F1505322;1Gang CONNECTOR A2-P022-45
RA-F1505323;SWITCH DIMMER A2-P023-89
RA-F1505324;SWITCH SENSOR A2-P024-80
RA-F1505325;SWITCH UP/DOWN A2-P025-88
RA-F1505326;SWITCH NIGHT LIGHT A2-P026-
RA-F1505327;SOCKET 2 GANG 13A A2-P012-13 USB -TYPE C
RA-F1505328;SWITCH INSERT CARD A2 - PEARL
RA-F1505401;SWITCH 1 GANG 1 WAY A2-GO001-11
RA-F1505402;SWITCH 1 GANG 2 WAY A2-GO02-12
RA-F1505403;SWITCH 1GANG INTERMEDIATE A2-GO03-13
RA-F1505404;SWITCH 2 GANG 1 WAY RV-A2-GO04-21
RA-F1505405;SWITCH 2 GANG 2 WAY A2-GO05-22
RA-F1505406;SWITCH 3 GANG 1 WAY A2-GO06-31
RA-F1505407;SWITCH 3 GANG 2 WAY A2-GO07-32
RA-F1505408;SWITCH 4 GANG 1 WAY A2-GO008-41
RA-F1505409;SWITCH Bell A2-GO009-14
RA-F1505410;SWITCH 20A HEATER A2-GO010-20
RA-F1505411;SOCKET 1 GANG 13A A2-GO011-33
RA-F1505412;SOCKET 1 GANG 13A A2-GO012-13 USB - TYPE C
RA-F1505413;SOCKET 2 GANG 13A A2-GO013-53
RA-F1505414;SOCKET SATELLITE A2-GO014-64
RA-F1505415;SOCKET TELEPHONE A2-GO015-48
RA-F1505416;SOCKET COMPUTER A2-GO016-58
RA-F1505417;SOCKET COMPUTER CAT6 A2-GO017-58
RA-F1505418;SWITCH 45A 7*7 A2-GO018-74
RA-F1505419;SWITCH 45A 7*14 A2-GO019-72
RA-F1505420;BLANK PLATE 7×7 A2-GO020-01
RA-F1505421;BLANK PLATE 7×14 A2-GO021-02
RA-F1505422;1Gang CONNECTOR A2-GO022-45
RA-F1505423;SWITCH DIMMER A2-GO023-89
RA-F1505424;SWITCH SENSOR A2-GO024-80
RA-F1505425;SWITCH UP/DOWN A2-GO025-88
RA-F1505426;SWITCH NIGHT LIGHT A2-GO026-
RA-F1505427;SOCKET 2 GANG 13A A2-GO012-13 USB -TYPE C
RA-F1505428;SWITCH INSERT CARD A2 - GOLD
RA-F1505501;SWITCH 1 GANG 1 WAY A2-BN001-11
RA-F1505502;SWITCH 1 GANG 2 WAY A2-BN02-12
RA-F1505503;SWITCH 1GANG INTERMEDIATE A2-BN03-13
RA-F1505504;SWITCH 2 GANG 1 WAY RV-A2-BN04-21
RA-F1505505;SWITCH 2 GANG 2 WAY A2-BN05-22
RA-F1505506;SWITCH 3 GANG 1 WAY A2-BN06-31
RA-F1505507;SWITCH 3 GANG 2 WAY A2-BN07-32
RA-F1505508;SWITCH 4 GANG 1 WAY A2-BN008-41
RA-F1505509;SWITCH Bell A2-BN009-14
RA-F1505510;SWITCH 20A HEATER A2-BN010-20
RA-F1505511;SOCKET 1 GANG 13A A2-BN011-33
RA-F1505512;SOCKET 1 GANG 13A A2-BN012-13 USB - TYPE C
RA-F1505513;SOCKET 2 GANG 13A A2-BN013-53
RA-F1505514;SOCKET SATELLITE A2-BN014-64
RA-F1505515;SOCKET TELEPHONE A2-BN015-48
RA-F1505516;SOCKET COMPUTER A2-BN016-58
RA-F1505517;SOCKET COMPUTER CAT6 A2-BN017-58
RA-F1505518;SWITCH 45A 7*7 A2BN018-74
RA-F1505519;SWITCH 45A 7*14 A2-BN019-72
RA-F1505520;BLANK PLATE 7×7 A2-BN020-01
RA-F1505521;BLANK PLATE 7×14 A2-BN021-02
RA-F1505522;1Gang CONNECTOR A2-BN022-45
RA-F1505523;SWITCH DIMMER A2-BN023-89
RA-F1505524;SWITCH SENSOR A2-BN024-80
RA-F1505525;SWITCH UP/DOWN A2-BN025-88
RA-F1505526;SWITCH NIGHT LIGHT A2-BN026-
RA-F1505527;SOCKET 2 GANG 13A A2-BN012-13 USB -TYPE C
RA-F1505528;SWITCH INSERT CARD A2 - BROWN
RA-F1506001;Switch 1 GANG 1 WAY - White RV-K10-01/W11
RA-F1506002;Switch 1 GANG 2 WAY - White RV-K10-02/W12
RA-F1506003;Switch 1 GANG 2 WAY - White RV-K10-03/W13
RA-F1506004;Switch 2 GANG 1 WAY - White RV-K10-04/W21
RA-F1506005;Switch 2 GANG 2 WAY - White RV-K10-05/W22
RA-F1506006;Switch 3 GANG 1 WAY - White RV-K10-06/W31
RA-F1506007;Switch 3 GANG 2 WAY - White RV-K10-07/W32
RA-F1506008;Switch 4 GANG 1 WAY - White RV-K10-08/W41
RA-F1506009;Switch 4 GANG 2 WAY - White RV-K10-09/W42
RA-F1506010;Switch 4 GANG 1 WAY ( 7x14 ) - White RV-K10-08/W411
RA-F1506011;Socket 1 GANG 13A - White RV-K10-14/W33
RA-F1506012;Socket 1 GANG 13A -USB - White RV-K10-26/W13usb
RA-F1506013;Socket 2 GANG 13A - White RV-K10-15/W53
RA-F1506014;Switch Bell - White RV-K10-12/W14
RA-F1506015;Switch 20A HEATER - White RV-K10-13/W20
RA-F1506016;Socket TELEPHONE - White RV-K10-17/W48
RA-F1506017;Socket Computer - White RV-K10-18/W58-CAT5
RA-F1506018;Socket Computer - White RV-K10-19/W58-CAT6
RA-F1506019;Socket SATELLITE - White RV-K10-16/W64
RA-F1506020;Switch 45A CONDITIONER - White 7*7 RV-K10-20/W74
RA-F1506021;Switch 45A CONDITIONER - White 7*14 RV-K10-21/W72
RA-F1506022;BLANK PLATE 7 × 7 - White RV-K10-22/W01
RA-F1506023;BLANK PLATE 7 × 14 - White RV-K10-23/W02
RA-F1506024;1 Gang Connector - White RV-K10-25/W45
RA-F1506025;Switch UP/DOWN - White RV-K10-27/W88
RA-F1506026;Switch DIMMER - White RV-K10-24/W89
RA-F1506027;Switch SENSOR - White RV-K10-28/W80
RA-F1506028;Switch NIGHT LIGHT - White RV-K10-29
RA-F1506029;Socket 1 GANG 13A -USB - White RV-K10-26/W13usb -TYPE C
RA-F1506101;Switch 1 GANG 1 WAY - Black RV-K10-01/B11
RA-F1506102;Switch 1 GANG 2 WAY - Black RV-K10-02/B12
RA-F1506103;Switch 1 GANG 2 WAY - Black RV-K10-03/B13
RA-F1506104;Switch 2 GANG 1 WAY - Black RV-K10-04/B21
RA-F1506105;Switch 2 GANG 2 WAY - Black RV-K10-05/B22
RA-F1506106;Switch 3 GANG 1 WAY - Black RV-K10-06/B31
RA-F1506107;Switch 3 GANG 2 WAY - Black RV-K10-07/B32
RA-F1506108;Switch 4 GANG 1 WAY - Black RV-K10-08/B41
RA-F1506109;Switch 4 GANG 2 WAY - Black RV-K10-09/B42
RA-F1506110;Switch 4 GANG 1 WAY ( 7x14 ) - Black RV-K10-08/B411
RA-F1506111;Socket 1 GANG 13A - Black RV-K10-14/B33
RA-F1506112;Socket 1 GANG 13A -USB - Black RV-K10-33/B13usb -TYPE C
RA-F1506113;Socket 2 GANG 13A - Black RV-K10-15/B53
RA-F1506114;Switch Bell - Black RV-K10-12/B14
RA-F1506115;Switch 20A HEATER - Black RV-K10-13/B20
RA-F1506116;Socket TELEPHONE - Black RV-K10-17/B48
RA-F1506117;Socket Computer - Black RV-K10-18/B58-CAT5
RA-F1506118;Socket Computer - Black RV-K10-19/B58-CAT6
RA-F1506119;Socket SATELLITE - Black RV-K10-16/B64
RA-F1506120;Switch 45A CONDITIONER - Black 7*7 RV-K10-20/B74
RA-F1506121;Switch 45A CONDITIONER - Black 7*14 RV-K10-21/B72
RA-F1506122;BLANK PLATE 7 × 7 - Black RV-K10-22/B01
RA-F1506123;BLANK PLATE 7 × 14 - Black RV-K10-23/B02
RA-F1506124;1 Gang Connector - Black RV-K10-25/B45
RA-F1506125;Switch UP/DOWN - Black RV-K10-27/B88
RA-F1506126;Switch DIMMER - Black RV-K10-24/B89
RA-F1506127;Switch SENSOR - Black RV-K10-28/B80
RA-F1506128;Switch NIGHT LIGHT - Black RV-K10-29
RA-F1506129;Socket 1 GANG 13A -USB 2L - Black RV-K10-53/B13usb -TYPE C
RA-F1506201;Switch 1 GANG 1 WAY - GREY RV-K10-01/GR11
RA-F1506202;Switch 1 GANG 2 WAY - GREY RV-K10-02/GR12
RA-F1506203;Switch 1 GANG 2 WAY - GREY RV-K10-03/GR13
RA-F1506204;Switch 2 GANG 1 WAY - GREY RV-K10-04/GR21
RA-F1506205;Switch 2 GANG 2 WAY - GREY RV-K10-05/GR22
RA-F1506206;Switch 3 GANG 1 WAY - GREY RV-K10-06/GR31
RA-F1506207;Switch 3 GANG 2 WAY - GREY RV-K10-07/GR32
RA-F1506208;Switch 4 GANG 1 WAY - GREY RV-K10-08/GR41
RA-F1506209;Switch 4 GANG 2 WAY - GREY RV-K10-09/GR42
RA-F1506210;Switch 4 GANG 1 WAY ( 7x14 ) - GREY RV-K10-08/GR411
RA-F1506211;Socket 1 GANG 13A - GREY RV-K10-14/GR33
RA-F1506212;Socket 1 GANG 13A -USB - GREY RV-K10-33/GR13USB -TYPE C
RA-F1506213;Socket 2 GANG 13A - GREY RV-K10-15/GR53
RA-F1506214;Switch Bell - GREY RV-K10-12/GR14
RA-F1506215;Switch 20A HEATER - GREY RV-K10-13/GR20
RA-F1506216;Socket TELEPHONE - GREY RV-K10-17/GR48
RA-F1506217;Socket Computer - GREY RV-K10-18/GR58-CAT5
RA-F1506218;Socket Computer - GREY RV-K10-19/GR58-CAT6
RA-F1506219;Socket SATELLITE - GREY RV-K10-16/GR64
RA-F1506220;Switch 45A CONDITIONER - GREY 7*7 RV-K10-20/GR74
RA-F1506221;Switch 45A CONDITIONER - GREY 7*14 RV-K10-21/GR72
RA-F1506222;BLANK PLATE 7 × 7 - GREY RV-K10-22/GR01
RA-F1506223;BLANK PLATE 7 × 14 - GREY RV-K10-23/GR02
RA-F1506224;1 Gang Connector - GREY RV-K10-25/GR45
RA-F1506225;Switch UP/DOWN - GREY RV-K10-27/GR88
RA-F1506226;Switch DIMMER - GREY RV-K10-24/GR89
RA-F1506227;Switch SENSOR - GREY RV-K10-28/GR80
RA-F1506228;Switch NIGHT LIGHT - GREY RV-K10-29
RA-F1506229;Socket 1 GANG 13A -USB -2L GREY RV-K10-53/GR13USB -TYPE C
RA-F1506301;Switch 1 GANG 1 WAY - Pearl RV-K10-01/P11
RA-F1506302;Switch 1 GANG 2 WAY - Pearl RV-K10-02/P12
RA-F1506303;Switch 1 GANG 2 WAY - Pearl RV-K10-03/P13
RA-F1506304;Switch 2 GANG 1 WAY - Pearl RV-K10-04/P21
RA-F1506305;Switch 2 GANG 2 WAY - Pearl RV-K10-05/P22
RA-F1506306;Switch 3 GANG 1 WAY - Pearl RV-K10-06/P31
RA-F1506307;Switch 3 GANG 2 WAY - Pearl RV-K10-07/P32
RA-F1506308;Switch 4 GANG 1 WAY - Pearl RV-K10-08/P41
RA-F1506309;Switch 4 GANG 2 WAY - Pearl RV-K10-09/P42
RA-F1506310;Switch 4 GANG 1 WAY ( 7x14 ) - Pearl RV-K10-08/P411
RA-F1506311;Socket 1 GANG 13A - Pearl RV-K10-14/P33
RA-F1506312;Socket 1 GANG 13A -USB - Pearl RV-K10-33/P13USB -TYPE C
RA-F1506313;Socket 2 GANG 13A - Pearl RV-K10-15/P53
RA-F1506314;Switch Bell - Pearl RV-K10-12/P14
RA-F1506315;Switch 20A HEATER - Pearl RV-K10-13/P20
RA-F1506316;Socket TELEPHONE - Pearl RV-K10-17/P48
RA-F1506317;Socket Computer - Pearl RV-K10-18/P58-CAT5
RA-F1506318;Socket Computer - Pearl RV-K10-19/P58-CAT6
RA-F1506319;Socket SATELLITE - Pearl RV-K10-16/P64
RA-F1506320;Switch 45A CONDITIONER - Pearl 7*7 RV-K10-20/P74
RA-F1506321;Switch 45A CONDITIONER - Pearl 7*14 RV-K10-21/P72
RA-F1506322;BLANK PLATE 7 × 7 - Pearl RV-K10-22/P01
RA-F1506323;BLANK PLATE 7 × 14 - Pearl RV-K10-23/P02
RA-F1506324;1 Gang Connector - Pearl RV-K10-25/P45
RA-F1506325;Switch UP/DOWN - Pearl RV-K10-27/P88
RA-F1506326;Switch DIMMER - Pearl RV-K10-24/P89
RA-F1506327;Switch SENSOR - Pearl RV-K10-28/P80
RA-F1506328;Switch NIGHT LIGHT - Pearl RV-K10-29
RA-F1506329;Socket 1 GANG 13A -USB -2L Pearl RV-K10-53/P13USB -TYPE C
RA-F1507101;BLACK SWITCH 1 GANG 1 WAY A5-B001-11
RA-F1507102;BLACK SWITCH 1 GANG 2 WAY A5-B002-12
RA-F1507103;BLACK SWITCH 1GANG INTERMEDIATE A5-B003-13
RA-F1507104;BLACK SWITCH 2 GANG 1 WAY RV-A5-B004-21
RA-F1507105;BLACK SWITCH 2 GANG 2 WAY A5-B005-22
RA-F1507106;BLACK SWITCH 3 GANG 1 WAY A5-B006-31
RA-F1507107;BLACK SWITCH 3 GANG 2 WAY A5-B007-32
RA-F1507108;BLACK SWITCH 4 GANG 1 WAY A5-B008-41
RA-F1507109;BLACK SWITCH Bell A5-B009-14
RA-F1507110;BLACK SWITCH 20A HEATER A5-B010-20
RA-F1507111;BLACK SOCKET 1 GANG 13A A5-B011-33
RA-F1507112;BLACK SOCKET 1 GANG 13A A5-B012-13 USB -TYPE-C
RA-F1507113;BLACK SOCKET 2 GANG 13A A5-B013-53
RA-F1507114;BLACK SOCKET SATELLITE A5-B014-64
RA-F1507115;BLACK SOCKET TELEPHONE A5-B015-48
RA-F1507116;BLACK SOCKET COMPUTER A5-B016-58
RA-F1507117;BLACK SOCKET COMPUTER CAT6 A5-B017-58
RA-F1507118;BLACK SWITCH 45A 7*7 A5-B018-74
RA-F1507119;BLACK SWITCH 45A 7*14 A5-B019-72
RA-F1507120;BLACK BLANK PLATE 7×7 A5-B020-01
RA-F1507121;BLACK BLANK PLATE 7×14 A5-B021-02
RA-F1507122;BLACK 1Gang CONNECTOR A5-B022-45
RA-F1507123;BLACK SWITCH DIMMER BLACK A5-B023-89
RA-F1507124;BLACK SWITCH SENSOR A5-B024-80
RA-F1507125;BLACK SWITCH UP/DOWN A5-B025-88
RA-F1507126;BLACK SWITCH NIGHT LIGHT A5-B026-
RA-F1507127;BLACK SOCKET 2 GANG 13A A5-B012-13 USB -TYPE-C
RA-F1507201;SWITCH 1 GANG 1 WAY A5-GR001-11
RA-F1507202;SWITCH 1 GANG 2 WAY A5-GR02-12
RA-F1507203;SWITCH 1GANG INTERMEDIATE A5-GR03-13
RA-F1507204;SWITCH 2 GANG 1 WAY RV-A5-GR04-21
RA-F1507205;SWITCH 2 GANG 2 WAY A5-GR05-22
RA-F1507206;SWITCH 3 GANG 1 WAY A5-GR06-31
RA-F1507207;SWITCH 3 GANG 2 WAY A5-GR07-32
RA-F1507208;SWITCH 4 GANG 1 WAY A5-GR008-41
RA-F1507209;SWITCH Bell A5-GR009-14
RA-F1507210;SWITCH 20A HEATER A5-GR010-20
RA-F1507211;SOCKET 1 GANG 13A A5-GR011-33
RA-F1507212;SOCKET 1 GANG 13A A5-GR012-13 USB -TYPE C
RA-F1507213;SOCKET 2 GANG 13A A5-GR013-53
RA-F1507214;SOCKET SATELLITE A5-GR014-64
RA-F1507215;SOCKET TELEPHONE A5-GR015-48
RA-F1507216;SOCKET COMPUTER A5-GR016-58
RA-F1507217;SOCKET COMPUTER CAT6 A5-GR017-58
RA-F1507218;SWITCH 45A 7*7 A5-GR018-74
RA-F1507219;SWITCH 45A 7*14 A5-GR019-72
RA-F1507220;BLANK PLATE 7×7 A5-GR020-01
RA-F1507221;BLANK PLATE 7×14 A5-GR021-02
RA-F1507222;1Gang CONNECTOR A5-GR022-45
RA-F1507223;SWITCH DIMMER A5-GR023-89
RA-F1507224;SWITCH SENSOR A5-GR024-80
RA-F1507225;SWITCH UP/DOWN A5-GR025-88
RA-F1507226;SWITCH NIGHT LIGHT A5-GR026-
RA-F1507227;SOCKET 2 GANG 13A A5-GR012-13 USB -TYPE C
RA-F1507301;SWITCH 1 GANG 1 WAY A5-BN001-11
RA-F1507302;SWITCH 1 GANG 2 WAY A5-BN02-12
RA-F1507303;SWITCH 1GANG INTERMEDIATE A5-BN03-13
RA-F1507304;SWITCH 2 GANG 1 WAY RV-A5-BN04-21
RA-F1507305;SWITCH 2 GANG 2 WAY A5-BN05-22
RA-F1507306;SWITCH 3 GANG 1 WAY A5-BN06-31
RA-F1507307;SWITCH 3 GANG 2 WAY A5-BN07-32
RA-F1507308;SWITCH 4 GANG 1 WAY A5-BN008-41
RA-F1507309;SWITCH Bell A5-BN009-14
RA-F1507310;SWITCH 20A HEATER A5-BN010-20
RA-F1507311;SOCKET 1 GANG 13A A5-BN011-33
RA-F1507312;SOCKET 1 GANG 13A A5-BN012-13 TYPE-C
RA-F1507313;SOCKET 2 GANG 13A A5-BN013-53
RA-F1507314;SOCKET SATELLITE A5-BN014-64
RA-F1507315;SOCKET TELEPHONE A5-BN015-48
RA-F1507316;SOCKET COMPUTER A5-BN016-58
RA-F1507317;SOCKET COMPUTER CAT6 A5-BN017-58
RA-F1507318;SWITCH 45A 7*7 A5BN018-74
RA-F1507319;SWITCH 45A 7*14 A5-BN019-72
RA-F1507320;BLANK PLATE 7×7 A5-BN020-01
RA-F1507321;BLANK PLATE 7×14 A5-BN021-02
RA-F1507322;1Gang CONNECTOR A5-BN022-45
RA-F1507323;SWITCH DIMMER A5-BN023-89
RA-F1507324;SWITCH SENSOR A5-BN024-80
RA-F1507325;SWITCH UP/DOWN A5-BN025-88
RA-F1507326;SWITCH NIGHT LIGHT A5-BN026-
RA-F1507327;SOCKET 2 GANG 13A A5-BN012-13 TYPE-C
RA-F1508101;BLACK SWITCH 1 GANG 1 WAY R1.1-B001-11
RA-F1508102;BLACK SWITCH 1 GANG 2 WAY R1.1-B002-12
RA-F1508103;BLACK SWITCH 1GANG INTERMEDIATE R1.1-B003-13
RA-F1508104;BLACK SWITCH 2 GANG 1 WAY RV-R1.1-B004-21
RA-F1508105;BLACK SWITCH 2 GANG 2 WAY R1.1-B005-22
RA-F1508106;BLACK SWITCH 3 GANG 1 WAY R1.1-B006-31
RA-F1508107;BLACK SWITCH 3 GANG 2 WAY R1.1-B007-32
RA-F1508108;BLACK SWITCH 4 GANG 1 WAY R1.1-B008-41
RA-F1508109;BLACK SWITCH Bell R1.1-B009-14
RA-F1508110;BLACK SWITCH 20A HEATER R1.1-B010-20
RA-F1508111;BLACK SOCKET 1 GANG 13A R1.1-B011-33
RA-F1508112;BLACK SOCKET 1 GANG 13A R1.1-B012-13 USB-TYPE-C
RA-F1508113;BLACK SOCKET 2 GANG 13A R1.1-B013-53
RA-F1508114;BLACK SOCKET 2 GANG 13A R1.1-B027-13 USB -TYPE C
RA-F1508115;BLACK SOCKET SATELLITE R1.1-B014-64
RA-F1508116;BLACK SOCKET TELEPHONE R1.1-B015-48
RA-F1508117;BLACK SOCKET COMPUTER R1.1-B016-58
RA-F1508118;BLACK SOCKET COMPUTER CAT6 R1.1-B017-58
RA-F1508119;BLACK SWITCH 45A 7*7 R1.1-B018-74
RA-F1508120;BLACK SWITCH 45A 7*14 R1.1-B019-72
RA-F1508121;BLACK BLANK PLATE 7×7 R1.1-B020-01
RA-F1508122;BLACK BLANK PLATE 7×14 R1.1-B021-02
RA-F1508123;BLACK 1Gang CONNECTOR R1.1-B022-45
RA-F1508124;BLACK SWITCH DIMMER BLACK R1.1-B023-89
RA-F1508125;BLACK SWITCH SENSOR R1.1-B024-80
RA-F1508126;BLACK SWITCH UP/DOWN R1.1-B025-88
RA-F1508127;BLACK SWITCH NIGHT LIGHT R1.1-B026
RA-F1508201;GRARY SWITCH 1 GANG 1 WAY R1.1-GR001-11
RA-F1508202;GRARY SWITCH 1 GANG 2 WAY R1.1-GR002-12
RA-F1508203;GRARY SWITCH 1GANG INTERMEDIATE R1.1-GR003-13
RA-F1508204;GRARY SWITCH 2 GANG 1 WAY RV-R1.1-GR004-21
RA-F1508205;GRARY SWITCH 2 GANG 2 WAY R1.1-GR005-22
RA-F1508206;GRARY SWITCH 3 GANG 1 WAY R1.1-GR006-31
RA-F1508207;GRARY SWITCH 3 GANG 2 WAY R1.1-GR007-32
RA-F1508208;GRARY SWITCH 4 GANG 1 WAY R1.1-GR008-41
RA-F1508209;GRARY SWITCH Bell R1.1-GR009-14
RA-F1508210;GRARY SWITCH 20A HEATER R1.1-GR010-20
RA-F1508211;GRARY SOCKET 1 GANG 13A R1.1-GR011-33
RA-F1508212;GRARY SOCKET 1 GANG 13A R1.1-GR012-13 USB-TYPE-C
RA-F1508213;GRARY SOCKET 2 GANG 13A R1.1-GR013-53
RA-F1508214;GRARY SOCKET 2 GANG 13A R1.1-GR027-13 USB -TYPE C
RA-F1508215;GRARY SOCKET SATELLITE R1.1-GR014-64
RA-F1508216;GRARY SOCKET TELEPHONE R1.1-GR015-48
RA-F1508217;GRARY SOCKET COMPUTER R1.1-GR016-58
RA-F1508218;GRARY SOCKET COMPUTER CAT6 R1.1-GR017-58
RA-F1508219;GRARY SWITCH 45A 7*7 R1.1-GR018-74
RA-F1508220;GRARY SWITCH 45A 7*14 R1.1-GR019-72
RA-F1508221;GRARY BLANK PLATE 7×7 R1.1-GR020-01
RA-F1508222;GRARY BLANK PLATE 7×14 R1.1-GR021-02
RA-F1508223;GRARY 1Gang CONNECTOR R1.1-GR022-45
RA-F1508224;GRARY SWITCH DIMMER GRARY R1.1-GR023-89
RA-F1508225;GRARY SWITCH SENSOR R1.1-GR024-80
RA-F1508226;GRARY SWITCH UP/DOWN R1.1-GR025-88
RA-F1508227;GRARY SWITCH NIGHT LIGHT R1.1-GR026
RA-F1508301;PEARL SWITCH 1 GANG 1 WAY R1.1-P001-11
RA-F1508302;PEARL SWITCH 1 GANG 2 WAY R1.1-P002-12
RA-F1508303;PEARL SWITCH 1GANG INTERMEDIATE R1.1-P003-13
RA-F1508304;PEARL SWITCH 2 GANG 1 WAY RV-R1.1-P004-21
RA-F1508305;PEARL SWITCH 2 GANG 2 WAY R1.1-P005-22
RA-F1508306;PEARL SWITCH 3 GANG 1 WAY R1.1-P006-31
RA-F1508307;PEARL SWITCH 3 GANG 2 WAY R1.1-P007-32
RA-F1508308;PEARL SWITCH 4 GANG 1 WAY R1.1-P008-41
RA-F1508309;PEARL SWITCH Bell R1.1-P009-14
RA-F1508310;PEARL SWITCH 20A HEATER R1.1-P010-20
RA-F1508311;PEARL SOCKET 1 GANG 13A R1.1-P011-33
RA-F1508312;PEARL SOCKET 1 GANG 13A R1.1-P012-13 USB-TYPE-C
RA-F1508313;PEARL SOCKET 2 GANG 13A R1.1-P013-53
RA-F1508314;PEARL SOCKET 2 GANG 13A R1.1-P027-13 USB -TYPE C
RA-F1508315;PEARL SOCKET SATELLITE R1.1-P014-64
RA-F1508316;PEARL SOCKET TELEPHONE R1.1-P015-48
RA-F1508317;PEARL SOCKET COMPUTER R1.1-P016-58
RA-F1508318;PEARL SOCKET COMPUTER CAT6 R1.1-P017-58
RA-F1508319;PEARL SWITCH 45A 7*7 R1.1-P018-74
RA-F1508320;PEARL SWITCH 45A 7*14 R1.1-P019-72
RA-F1508321;PEARL BLANK PLATE 7×7 R1.1-P020-01
RA-F1508322;PEARL BLANK PLATE 7×14 R1.1-P021-02
RA-F1508323;PEARL 1Gang CONNECTOR R1.1-P022-45
RA-F1508324;PEARL SWITCH DIMMER PEARL R1.1-P023-89
RA-F1508325;PEARL SWITCH SENSOR R1.1-P024-80
RA-F1508326;PEARL SWITCH UP/DOWN R1.1-P025-88
RA-F1508327;PEARL SWITCH NIGHT LIGHT R1.1-P026
RA-F1509001;Switch 1 GANG 1 WAY - White RV-K11-01/W11
RA-F1509002;Switch 1 GANG 2 WAY - White RV-K11-02/W12
RA-F1509003;Switch 1 GANG 2 WAY - White RV-K11-03/W13
RA-F1509004;Switch 2 GANG 1 WAY - White RV-K11-04/W21
RA-F1509005;Switch 2 GANG 2 WAY - White RV-K11-05/W22
RA-F1509006;Switch 3 GANG 1 WAY - White RV-K11-06/W31
RA-F1509007;Switch 3 GANG 2 WAY - White RV-K11-07/W32
RA-F1509008;Switch 4 GANG 1 WAY - White RV-K11-08/W41
RA-F1509009;Switch 4 GANG 2 WAY - White RV-K11-09/W42
RA-F1509010;Switch 4 GANG 1 WAY ( 7x14 ) - White RV-K11-08/W411
RA-F1509011;Socket 1 GANG 13A - White RV-K11-14/W33
RA-F1509012;Socket 1 GANG 13A -USB - White RV-K11-26/W13usb
RA-F1509013;Socket 2 GANG 13A - White RV-K11-15/W53
RA-F1509014;Socket 1 GANG 13A -USB - White RV-K11-26/W13usb -TYPE C
RA-F1509015;Switch Bell - White RV-K11-12/W14
RA-F1509016;Switch 20A HEATER - White RV-K11-13/W20
RA-F1509017;Socket TELEPHONE - White RV-K11-17/W48
RA-F1509018;Socket Computer - White RV-K11-18/W58-CAT5
RA-F1509019;Socket Computer - White RV-K11-19/W58-CAT6
RA-F1509020;Socket SATELLITE - White RV-K11-16/W64
RA-F1509021;Switch 45A CONDITIONER - White 7*7 RV-K11-20/W74
RA-F1509022;Switch 45A CONDITIONER - White 7*14 RV-K11-21/W72
RA-F1509023;BLANK PLATE 7 × 7 - White RV-K11-22/W01
RA-F1509024;BLANK PLATE 7 × 14 - White RV-K11-23/W02
RA-F1509025;1 Gang Connector - White RV-K11-25/W45
RA-F1509026;Switch UP/DOWN - White RV-K11-27/W88
RA-F1509027;Switch DIMMER - White RV-K11-24/W89
RA-F1509028;Switch SENSOR - White RV-K11-28/W80
RA-F1509029;Switch NIGHT LIGHT - White RV-K11-29
RA-F1599101;فيش دش مفرد ابيض WC165
RA-F1599102;مفتاح مفرد ابيض WC 301
RA-F1599103;مفتاح مفرد دركسيون ابيض WC 302
RA-F1599104;مفتاح مجوز ابيض WC 303
RA-F1599105;مفتاح مجوز دركسيون ابيض WC 304
RA-F1599106;مفتاح ثلاثى ابيض WC 305
RA-F1599107;مفتاح ثلاثى دركسيون ابيض WC 306
RA-F1599108;مفتاح رباعى ابيض 7×14 WC 307
RA-F1599109;مفتاح رباعى ابيض دركسيون 7×14 WC 308
RA-F1599110;مفتاح مفرد متوسط دركسيون ابيض WC 313
RA-F1599111;مفتاح مفرد جرس ابيض WC 317
RA-F1599112;مفتاح سخان 20 امبير ابيض WC 324
RA-F1599113;مفتاح مكيف 45امبير 7×7 ابيض WC 327
RA-F1599114;مفتاح مكيف 45امبير 7×14 ابيض WC 329
RA-F1599115;مفتاح ديمر 600 وات ابيض WC 355
RA-F1599116;مفتاح ديمر 600 وات مجوز ابيض WC 356
RA-F1599117;مفتاح رباعى 7×7 ابيض WC 363
RA-F1599118;مفتاح رباعى دركسيون ابيض 7×7 WC 364
RA-F1599119;غطاء 7×7 ابيض WC 401
RA-F1599120;غطاء 7×14 ابيض WC 402
RA-F1599121;فيش مفرد 13امبير مع مفتاح ابيضWC411-220V
RA-F1599122;فيش مجوز13امبير مع مفتاح ابيضWC412-220V
RA-F1599123;فيش تلفزيون مفردابيض WC 432
RA-F1599124;فيش كومبيوتر ابيض WC 442
RA-F1599125;فيش تليفون مفرد ابيض WC 452
RA-F1599126;فيش مفرد 13 امبير مع مفتاح مع USB ابيض WC 457
RA-F1599127;مفتاح ديمر 1000 وات ابيض WC 555
RA-F1599128;توصيلة مكيف ابيض 45 امبير C821Q
RA-F1599129;فيش مجوز 16أمبير ابيض WC444
RA-F1599130;فيش مفرد 16أمبير أبيض مع أرضي C461
RA-F1599201;مفتاح مفرد ابيض عريض WWC301
RA-F1599202;مفتاح مفرد دركسيون ابيض عريض WWC302
RA-F1599203;مفتاح مجوز ابيض عريض WWC303
RA-F1599204;مفتاح مجوز دركيسون ابيض عريض WWC304
RA-F1599205;مفتاح ثلاثى ابيض عريض WWC305
RA-F1599206;مفتاح ثلاثى دركسيون ابيض عريض WWC306
RA-F1599207;مفتاح مفرد متوسط دركسيون ابيض عريض WWC313
RA-F1599208;مفتاح جرس ابيض عريض WWC317
RA-F1599209;مفتاح سخان20 امبير ابيض عريض WWC324
RA-F1599210;مفتاح رباعى ابيض عريض WW C363
RA-F1599301;فيش دش مفرد بيج BGC165
RA-F1599302;مفتاح مفرد بيج عادى BGC 301
RA-F1599303;مفتاح مفرد دركسيون بيج عادى BGC 302
RA-F1599304;مفتاح مجوز بيج عادى BGC 303
RA-F1599305;مفتاح مجوز دركسيون بيج عادى BGC 304
RA-F1599306;مفتاح ثلاثى بيج عادى BGC 305
RA-F1599307;مفتاح ثلاثى دركسيون بيج عادى BGC 306
RA-F1599308;مفتاح رباعى بيج7×14 BGC 307
RA-F1599309;مفتاح رباعى بيج دركسيون7×14 BGC 308
RA-F1599310;مفتاح مفرد متوسط دركسيون بيج BGC 313
RA-F1599311;مفتاح جرس بيج عادى BGC 317
RA-F1599312;مفتاح سخان 20 امبير بيج عادى BGC 324
RA-F1599313;مفتاح مكيف45 امبير 7×7 بيج BGC 327
RA-F1599314;مفتاح مكيف45 امبير 7×14 بيج BGC 329
RA-F1599315;مفتاح ديمر 600وات بيج BGC 355
RA-F1599316;مفتاح ديمر 600وات مجوز بيج BGC 356
RA-F1599317;مفتاح رباعى بيج7×7 BGC 363
RA-F1599318;مفتاح رباعى دركسيون بيج7×7 BGC364
RA-F1599319;غطاء 7×7 بيج BGC401
RA-F1599320;غطاء 7×14 بيج BGC402
RA-F1599321;فيش مفرد 13امبير مع مفتاح بيج BGC411
RA-F1599322;فيش مجوز 13امبير مع مفتاح بيج BGC412
RA-F1599323;فيش تلفزيون بيج BGC432
RA-F1599324;فيش كومبيوتر بيج BGC442
RA-F1599325;فيش تليفون مفرد بيج BGC452
RA-F1599326;فيش مفرد13امبير مع مفتاح مع USB بيج BGC457
RA-F1599327;مفتاح ديمر 1000 وات بيج BGC555
RA-F1599328;توصيلة مكيف بيج 45امبير C821Q
RA-F1599329;فيش مفرد 13امبير مع مفتاح بيج مع USB
RA-F1599330;فيش مفرد 16أمبير بيجي مع أرضي C461
RA-F1599331;فيش مجوز 16أمبير بيجي مع أرضي C444
RA-F1599401;مفتاح مفرد بيج عريض WBGC301
RA-F1599402;مفتاح مفرد دركسيون بيج عريض WBGC302
RA-F1599403;مفتاح مجوز بيج عريض WBGC303
RA-F1599404;مفتاح مجوز دركسيون بيج عريض WBGC304
RA-F1599405;مفتاح ثلاثى بيج عريض WBGC305
RA-F1599406;مفتاح ثلاثى دركسيون بيج عريض WBGC306
RA-F1599407;مفتاح مفرد متوسط دركسيون بيج عريض WBGC313
RA-F1599408;مفتاح جرس بيج عريض WBGC317
RA-F1599409;مفتاح سخان20 امبير بيج عريض WBGC324
RA-F1599410;مفتاح رباعى بيج عريض7×7 WBG C363
RA-F1601001;EXTENSION #3 - 3METER / RV-133
RA-F1601002;EXTENSION #3 - 5METER / RV-133
RA-F1601003;EXTENSION #4 - 3METER / RV-134
RA-F1601004;EXTENSION #4 - 5METER / RV-134
RA-F1601005;EXTENSION #5 - 3METER / RV-135
RA-F1601006;EXTENSION #5 - 5METER / RV-135
RA-F1601007;EXTENSION #4 - 10METER / RV-134
RA-F1601008;EXTENSION # 5- 10METER / RV-134
RA-F1601101;EXTINSION #3 - 3METER - USB / RV-133
RA-F1601102;EXTINSION #3 - 5METER - USB / RV-133
RA-F1601103;EXTINSION #4 - 3METER - USB / RV-134
RA-F1601104;EXTINSION #4 - 5METER - USB / RV-134
RA-F1601105;EXTINSION #5 - 3METER - USB / RV-135
RA-F1601106;EXTINSION #5 - 5METER - USB / RV-135
RA-F1602001;PLUG RV-513
RA-F1602002;PLUG RV-513 BLACK
RA-F1603001;Cable 3 × 1.50mm - 180CM / Withe Fused Plug
RA-F1603002;Cable 3 × 0.75mm - 60CM / Withe Fused Plug
RA-F1603003;Cable 3 × 0.75mm - 150CM / Withe Fused Plug
RA-F1603004;Cable 3 × 0.75mm - 220CM / Withe Fused Plug
RA-F1603005;Cable 3 × 0.75mm - 90CM / Withe Fused Plug
RA-F1603006;Cable 3 × 0.75mm - 250CM / Withe Fused Plug
RA-F1603007;Cable 3 × 1.5 mm - 200CM / Withe Fused Plug
RA-F1603008;Cable 3 × 2.5 mm - 180CM / Withe Fused Plug
RA-F1604001;EXTENSION # 3 - 3METER / BLUE -RAC
RA-F1604002;EXTENSION #3 - 5METER / BLUE - RAC
RA-F1604003;EXTENSION #4 - 3METER / BLUE - RAC
RA-F1604004;EXTENSION #4 - 5METER / BLUE - RAC
RA-F1604005;EXTENSION #5 - 3METER / BLUE - RAC
RA-F1604006;EXTENSION #5 - 5METER / BLUE - RAC
RA-F1604007;EXTENSION #4 - 10METER / BLUE - RAC
RA-F1604011;EXTENSION #3 - 3METER / RED - RAC
RA-F1604012;EXTENSION #3 - 5METER / RED - RAC
RA-F1604013;EXTENSION #4 - 3METER / RED - RAC
RA-F1604014;EXTENSION #4 - 5METER / RED - RAC
RA-F1604015;EXTENSION #5 - 3METER / RED - RAC
RA-F1604016;EXTENSION #5 - 5METER / RED - RAC
RA-F1604101;EXTENSION # 3 - 3METER / BLUE / USB - RAC
RA-F1604102;EXTENSION #3 - 5METER / BLUE / USB - RAC
RA-F1604103;EXTENSION #4 - 3METER / BLUE / USB - RAC
RA-F1604104;EXTENSION #4 - 5METER / BLUE / USB - RAC
RA-F1604105;EXTENSION #4 - 10METER / BLUE / USB - RAC
RA-F1604111;EXTENSION #3 - 3METER / RED / USB - RAC
RA-F1604112;EXTENSION #3 - 5METER / RED / USB - RAC
RA-F1604113;EXTENSION #4 - 3METER / RED / USB - RAC
RA-F1604114;EXTENSION #4 - 5METER / RED / USB - RAC
RA-F1701001;switch box 7*7 el raed
RA-F1701002;switch box 7*7 el raed douple
RA-F1701003;switch box 7*7 el raed third
RA-F1701004;switch box 7*7 el raed fourth
RA-F1701005;switch box 7*14
RA-F1701101;switch box 7*7 el raed - Earth Terminal
RA-F1701102;switch box 7*7 el raed douple - Earth terminal
RA-F1701103;switch box 7*7 el raed third - Earth terminal
RA-F1701104;switch box 7*7 el raed fourth - Earth terminal
RA-F1702001;switch box deep 7*7
RA-F1702002;switch box deep 7*7 douple
RA-F1702003;switch box deep 7*7 third
RA-F1702004;switch box deep 7*7 Fourth
RA-F1702101;switch box deep 7*7 - Earth terminal
RA-F1702102;switch box deep 7*7 douple - Earth terminal
RA-F1702103;switch box deep 7*7 third - Earth terminal
RA-F1702104;switch box deep 7*7 Fourth - Earth terminal
RA-F1703001;WATER PROOF SWITCH COVER
RA-F1703002;PLASTIC COVER FOR SWITCHS
RA-F1704001;Plastic Box 7 x 7
RA-F1704002;Plastic Box 7 x 14
RA-F1801001;LED LINEAR LIGHT 54W - 8500K
RA-F1802001;LED LINEAR LIGHT 40W - 8500K
RA-F1802002;LED LINEAR LIGHT 80W - 8500K
RA-F1802003;LED LINEAR LIGHT 40W / 60CM - 8500K
RA-F1802004;LED LINEAR LIGHT 80W - 3000K
RA-F1802005;BLACK BASE LINEAR LIGHT 40W - 8500K
RA-F1802006;BLACK BASE LINEAR LIGHT 40W / 60 CM - 8500K
RA-F1802007;BLACK BASE LINEAR LIGHT 80W - 8500K
RA-F1802008;BLACK BASE LINEAR LIGHT 80W - 3000K
RA-F1803001;LED WATER PROOF 1 × 9W
RA-F1803002;LED WATER PROOF 2 × 9W
RA-F1803003;LED WATER PROOF 1 × 18W
RA-F1803004;LED WATER PROOF 2 × 18W
RA-F1804001;Emergency Unit 7.5w - 3hours
RA-F1805001;SLim Led Fixture 1 x 40 W
RA-F1805002;SLim Led Fixture 2 x 40 W
RA-F1805003;SLim Led Fixture 2 x 40 W - PT
RA-F1901001;CARTON TAPE MIX COLOUR
RA-F1901002;CARTON PVC TAPE 300 PCS - 10M / MIX COLOUR
RA-F1901003;CARTON PVC TAPE 200 PCS - 15M / MIX COLOUR
RA-F1901101;CARTON PVC TAPE Flame 300 PCS - 10M / MIX COLOUR
RA-F1901102;CARTON PVC Flame TAPE 200 PCS - 15M / MIX COLOUR
RA-F1902001;TAPE PVC WHITE - PIECE - 10M
RA-F1902002;TAPE PVC BLACK - PIECE - 10M
RA-F1902003;TAPE PVC BLUE - PIECE - 10M
RA-F1902004;TAPE PVC RED - PIECE - 10M
RA-F1902005;TAPE PVC GREEN - PIECE - 10M
RA-F1902006;TAPE PVC YELLOW - PIECE - 10M
RA-F1902101;TAPE PVC WHITE - PIECE - 15M
RA-F1902102;TAPE PVC BLACK - PIECE - 15M
RA-F1902103;TAPE PVC BLUE - PIECE - 15M
RA-F1902104;TAPE PVC RED - PIECE - 15M
RA-F1902105;TAPE PVC GREEN - PIECE - 15M
RA-F1902106;TAPE PVC YELLOW - PIECE - 15M
RA-F2001001;SURFACE MOUNTED TRACK 60CM -32A GRAY
RA-F2001002;SURFACE MOUNTED TRACK 60CM -32A BLACK
RA-F2001003;SURFACE MOUNTED TRACK 60CM -32A SILVER
RA-F2001004;SURFACE MOUNTED TRACK 80CM -32A GRAY
RA-F2001005;SURFACE MOUNTED TRACK 80CM -32A BLACK
RA-F2001006;SURFACE MOUNTED TRACK 80CM -32A SILVER
RA-F2001007;SURFACE MOUNTED TRACK 100CM -32A GRAY
RA-F2001008;SURFACE MOUNTED TRACK 100CM -32A BLACK
RA-F2001009;SURFACE MOUNTED TRACK 100CM -32A SILVER
RA-F2002001;RECESS MOUNTED TRACK 60CM -32A GRAY
RA-F2002002;RECESS MOUNTED TRACK 60CM -32A BLACK
RA-F2002003;RECESS MOUNTED TRACK 60CM -32A SILVER
RA-F2003001;SOCKET SQUARE 13A - GRAY
RA-F2003002;SOCKET SQUARE 13A - BLACK
RA-F2003003;SOCKET SQUARE 13A - SILVER
RA-F2003004;SOCKET SQUARE USB+TYPE C - GRAY
RA-F2003005;SOCKET SQUARE USB+TYPE C - BLACK
RA-F2003006;SOCKET SQUARE USB+TYPE C - SILVER
RA-F2003007;LED LIGHT SQUARE - GRAY
RA-F2003008;LED LIGHT SQUARE - BLACK
RA-F2003009;LED LIGHT SQUARE - SILVER
RA-F2003010;FOOTLIGHT WITH SENSOR SQUARE - GRAY
RA-F2003011;FOOTLIGHT WITH SENSOR SQUARE - BLACK
RA-F2003012;FOOTLIGHT WITH SENSOR SQUARE - SILVER
RA-F2004001;SURFACE MOUNTED TRACK 60CM - GRAY - RAC
RA-F2004002;SURFACE MOUNTED TRACK 60CM - BLACK - RAC
RA-F2004003;SURFACE MOUNTED TRACK 60CM - SILVER - RAC
RA-F2004004;SURFACE MOUNTED TRACK 80CM - GRAY - RAC
RA-F2004005;SURFACE MOUNTED TRACK 80CM - BLACK - RAC
RA-F2004006;SURFACE MOUNTED TRACK 80CM - SILVER - RAC
RA-F2004101;SOCKET 13A - GRAY - RAC
RA-F2004102;SOCKET 13A - BLACK - RAC
RA-F2004103;SOCKET SQUARE - SILVER - RAC
RA-F2004104;SOCKET USB+TYPE C - GRAY - RAC
RA-F2004105;SOCKET USB+TYPE C - BLACK - RAC
RA-F2004106;SOCKET USB+TYPE C - SILVER - RAC
RA-F2101001;TRACK LIGHT 1M - WHITE
RA-F2101002;TRACK LIGHT 2M - WHITE
RA-F2102001;TRACK LIGHT 1M - BLACK
RA-F2102002;TRACK LIGHT 2M - BLACK
RA-F2103001;WHITE SPOT TRACK LIGHT 20W - YELLOW
RA-F2103002;WHITE SPOT TRACK LIGHT 20W - 4000K
RA-F2103003;WHITE SPOT TRACK LIGHT 30W - YELLOW
RA-F2103004;WHITE SPOT TRACK LIGHT 30W - 4000K
RA-F2103005;WHITE SPOT TRACK LIGHT 40W - YELLOW
RA-F2103006;WHITE SPOT TRACK LIGHT 40W - 4000K
RA-F2104001;BLACK SPOT TRACK LIGHT 20W - YELLOW
RA-F2104002;BLACK SPOT TRACK LIGHT 20W - 4000K
RA-F2104003;BLACK SPOT TRACK LIGHT 30W - YELLOW
RA-F2104004;BLACK SPOT TRACK LIGHT 30W - 4000K
RA-F2104005;BLACK SPOT TRACK LIGHT 40W - YELLOW
RA-F2104006;BLACK SPOT TRACK LIGHT 40W - 4000K
RA-F2105001;MAGNETIC COB 20W - YELLOW SKYLINE
RA-F2105002;MAGNETIC COB 30W - YELLOW SKYLINE
RA-F2105003;MAGNETIC COB 40W - YELLOW SKYLINE
RA-F2106001;MAGNETIC SMD 20W - YELLOW SKYLINE
RA-F2106002;MAGNETIC SMD 30W - YELLOW SKYLINE
RA-F2106003;MAGNETIC SMD 40W - YELLOW SKYLINE
RA-F2121001;Magnetic Track Light CB -1m
RA-F2121002;Magnetic Track Light CB -2m
RA-F2121003;Magnetic Track Light CB - PC Cover
RA-F2121004;Magnetic Track Light CB - Connector 01 -Thin 180°
RA-F2121005;Magnetic Track Light CB - Connector 02 - Thin 90°
RA-F2121006;Magnetic Track Light CB - Connector 88 - Thin 180°
RA-F2121007;Magnetic Track Light CB - Connector 89 - Thin 90°
RA-F2121008;Magnetic Track Light CB - 3m
RA-F2121101;Magnetic Track Light TH -2m
RA-F2121102;Magnetic Track Light TH -3m
RA-F2121103;Magnetic Track Light TH - clips
RA-F2121104;Magnatic Track Light TH - WC connector
RA-F2121105;Magnatic Track Light TH - CC connector
RA-F2121106;CLIPS - TH Magnetic Track
RA-F2121107;Magnetic Track Light TH -1m
RA-F2121201;Magnatic Track Light Frame less YM -3m
RA-F2121301;Magnatic Track Light MZ -2m
RA-F2121302;Magnatic Track Light MZ -3m
RA-F2121303;Magnatic Track Light MZ- hanging wires Set
RA-F2121304;Magnatic Track Light MZ- Connection plate
RA-F2121401;Magnatic Track Light Straight connector for TH, YM, MZ / -
RA-F2121402;Magnatic Track Light CC connector (for TH, YM, MZ ) / - T
RA-F2121403;Magnatic Track Light WC connector (for TH, YM, MZ ) / - Th
RA-F2122001;LED MAGNETIC DRIVER/ Driver - 100W
RA-F2122002;LED MAGNETIC DRIVER/ Driver - 200W
RA-F2122101;LED MAGNETIC TRACK LIGHT 12W / - S240
RA-F2122102;LED MAGNETIC TRACK LIGHT 18W / - S360
RA-F2122103;LED MAGNETIC TRACK LIGHT 24W / - S570 - 3000K
RA-F2122104;LED MAGNETIC TRACK LIGHT 36W / - S900 - 3000K
RA-F2122201;LED MAGNETIC TRACK LIGHT 12W / - T12W
RA-F2122202;LED MAGNETIC TRACK LIGHT 18W / - T18W
RA-F2122203;LED MAGNETIC TRACK LIGHT 24W / -T24W - 3000K
RA-F2122301;LED MAGNETIC TRACK LIGHT 7W / -KS06 - 3000K
RA-F2122302;LED MAGNETIC TRACK LIGHT 12W / -KS12 - 3000K
RA-F2122303;LED MAGNETIC TRACK LIGHT 24W / -KS24 - 3000K
RA-F2122401;LED MAGNETIC TRACK LIGHT 7W / -JD06 - 3000K
RA-F2122402;LED MAGNETIC TRACK LIGHT 12W / -JD12 - 3000K
RA-F2122403;LED MAGNETIC TRACK LIGHT 18W / -JD18 - 3000K
RA-F2122501;LED MAGNETIC TRACK LIGHT 12W / -TRACK12 - 3000K
RA-F2122502;LED MAGNETIC TRACK LIGHT 18W / -TRACK20 - 3000K
RA-F2122503;LED MAGNETIC TRACK LIGHT 36W / -TRACK36 - 3000K
RA-F2122601;LED MAGNETIC TRACK LIGHT 7W / -YD07 - 3000K
RA-F2122602;LED MAGNETIC TRACK LIGHT 7W / -LD07 - 3000K
RA-F2122603;LED MAGNETIC TRACK LIGHT 12W / -Focus 12 - 3000K
RA-F2122701;LED MAGNETIC TRACK LIGHT / Tube 20w - 3000K
RA-F2122801;LED MAGNETIC TRACK LIGHT 18W / -180 °-18W - 3000K
RA-F2122802;LED MAGNETIC TRACK LIGHT 18W / -90 °-18W - 3000K
RA-F2122803;"LED MAGNETIC TRACK LIGHT 24W / -90°-Corner SMD24 (Same s
RA-F2122804;"LED MAGNETIC TRACK LIGHT 12W / -90°-Corner COB12 (Same su
RA-F2123001;LED MAGNETIC DRIVER/ Driver - 100W - RAC
RA-F2123002;LED MAGNETIC DRIVER/ Driver - 200W - RAC
RA-F2123101;LED MAGNETIC TRACK LIGHT 12W / - FL-12W
RA-F2123102;LED MAGNETIC TRACK LIGHT 18W / - FL-18W
RA-F2123103;LED MAGNETIC TRACK LIGHT 24W / - FL-24W - 3000K
RA-F2123201;LED MAGNETIC TRACK LIGHT 12W / - GL-12W
RA-F2123202;LED MAGNETIC TRACK LIGHT 18W / - GL-18W
RA-F2123203;LED MAGNETIC TRACK LIGHT 24W / - GL-24W - 3000K
RA-F2123401;LED MAGNETIC TRACK LIGHT 7W / - RL-6W - 3000K
RA-F2123402;LED MAGNETIC TRACK LIGHT 12W / - RL-12W - 3000K
RA-F2123403;LED MAGNETIC TRACK LIGHT 18W / - RL-18W - 3000K
RA-F2123501;LED MAGNETIC TRACK LIGHT 12W / - TL-12W - 3000K
RA-F2123502;LED MAGNETIC TRACK LIGHT 18W / - TL-18W - 3000K
RA-F2123503;LED MAGNETIC TRACK LIGHT 18W / - TL-24W - 3000K
RA-F2124011;Magnetic Track Light Connector Surface/Recessed - ST/RT-CM01
RA-F2124012;Magnetic Track Light Connector Surface Thin 90° - ST-CM02
RA-F2124112;Magnetic Track Light Connector Recessed 90° - RT-CM02
RA-F2201001;MOSQUITO KILLER RAC212 - 20W
RA-F2201002;MOSQUITO KILLER RAC212 - 30W
RA-F2201003;MOSQUITO KILLER RAC212 - 40W
RA-F2202001;MOSQUITO KILLER RAC274 - 20W
RA-F2202002;MOSQUITO KILLER RAC274 - 30W
RA-F2202003;MOSQUITO KILLER RAC274 - 40W
RA-F2203001;MOSQUITO KILLER RAC280 - 20W
RA-F2203002;MOSQUITO KILLER RAC280 - 30W
RA-F2203003;MOSQUITO KILLER RAC280 - 40W
RA-F2204001;MOSQUITO KILLER RAC7011 - 20W
RA-F2204002;MOSQUITO KILLER RAC7011 - 30W
RA-F2205001;MOSQUITO KILLER RAC298A - 8W
RA-F2205002;MOSQUITO KILLER RAC298A - 16W
RA-F2206001;MOSQUITO KILLER RAC902 - 8W
RA-F2207001;SWATTER HIT - RAC399
RA-F2207002;SWATTER HIT - RAC599
RA-F2208001;MOSQUITO KILLER RAC-VN03 - 30W
RA-F2208002;MOSQUITO KILLER RAC-VN03 - 40W
RA-F2208102;MOSQUITO KILLER RAC-VN03 - 40W - LED LAMP UV
RA-F2209001;MOSQUITO KILLER RAC-VN05 - 20W
RA-F2209002;MOSQUITO KILLER RAC-VN05 - 30W
RA-F2209101;MOSQUITO KILLER RAC-VN05 - 20W - LED LAMP UV
RA-F2209102;MOSQUITO KILLER RAC-VN05 - 30W - LED LAMP UV
RA-F2210001;MOSQUITO KILLER RAC-PN01 - 30W
RA-F2301001;White Mechanical Door Bell - Q-801
RA-F2301002;GREY Mechanical Door Bell - Q-802
RA-F2301003;BLACK Mechanical Door Bell - Q-804
RA-F2301004;White Mechanical Door Bell - Q-803
RA-F2301005;GREY Mechanical Door Bell - Q-803
RA-F2301006;BLACK Mechanical Door Bell - Q-803
RA-F2401001;STAINLESS FLOOR BOX SINGLE - SILVER - RV-2504 / 128
RA-F2401002;STAINLESS FLOOR BOX SINGLE - BLACK - RV-2504 / 128
RA-F2401011;STAINLESS FLOOR BOX DOUBLE - SILVER - RV-2505 / 128
RA-F2401012;STAINLESS FLOOR BOX DOUBLE - BLACK - RV-2505 / 128
RA-F2401101;FLOOR SOCKET 13A - RV-001 / 128
RA-F2401102;FLOOR SOCKET 13A - USB -TYPE C - RV-004 / 128
RA-F2401103;FLOOR SOCKET TELEPHONE - RV-002 / 128
RA-F2401104;FLOOR SOCKET COMPUTER CAT/6 - RV-003 / 128
RA-F2401105;FLOOR FRAME TEL / COMPUTER - RV-005 / 128
RA-F2402001;STAINLESS FLOOR BOX DOUBLE - SILVER - RV-2506 / 45
RA-F2402002;STAINLESS FLOOR BOX DOUBLE - BLACK - RV-2506 / 45
RA-F2402101;FLOOR SOCKET 13A - RV-001-1 / 45
RA-F2403001;STAINLESS FLOOR BOX DOUBLE 2 WAY - SILVER - RV-2507 / 86
RA-F2403002;STAINLESS FLOOR BOX DOUBLE 4 WAY - SILVER - RV-2508 / 86
RA-F2403003;STAINLESS FLOOR BOX DOUBLE 6 WAY - SILVER - RV-2509 / 86
RA-F2404001;ALMUNIUM TABLE BOX - BLACK - RV-2510
RA-F2404101;TABLE SOCKET 13A - BLACK - RV-006
RA-F2404102;TABLE SOCKET 13A-USB / TYPE C - BLACK - RV-007
RA-F2404103;TABLE SOCKET HDMI - BLACK - RV-008
RA-F2501001;WATERPROOF BOX 1 WAY - IP66 - Y-023
RA-F2501002;WATERPROOF BOX 1 WAY - IP66 - Y-024
RA-F2501003;WATERPROOF BOX 2 WAY - IP66 - Y-025
RA-F2502001;WATERPROOF COVER -13A SOCKET - IP55 - Y-028
RA-F2502002;WATERPROOF COVER - 13A SOCKET + 1GANG 1WAY - IP55 - Y-029
RA-F2502003;WATERPROOF COVER - 2 * 13A SOCKET - IP55 - Y-030
RA-F2503001;WATERPROOF COVER -13A SOCKET + 1GANG 1WAY - IP66 - Y-031
RA-F2503002;WATERPROOF COVER - 2 * 13A SOCKET - IP66 - Y-032
RA-F2504001;WATERPROOF DISTRIBUTION BOX HT- 3 WAY - IP66 - Y-033
RA-F2504002;WATERPROOF DISTRIBUTION BOX HT- 5 WAY - IP66 - Y-034
RA-F2504003;WATERPROOF DISTRIBUTION BOX HT- 8 WAY - IP66 - Y-035
RA-F2504004;WATERPROOF DISTRIBUTION BOX HT- 12 WAY - IP66 - Y-036
RA-F2601001;Air Curtain 230 WATT - FM-125-09
RA-F2601002;Air Curtain 290 WATT - FM-125-12
DP-F2011001;AME Branch Breacker 20 A 1 Phase - KSA
DP-F2011002;AME Branch Breacker 32 A 1 Phase - KSA
DP-F2012001;AME Branch Breacker 6 A 1 Phase
DP-F2012002;AME Branch Breacker 10 A 1 Phase
DP-F2012003;AME Branch Breacker 16 A 1 Phase
DP-F2012004;AME Branch Breacker 20 A 1 Phase
DP-F2012005;AME Branch Breacker 25 A 1 Phase
DP-F2012006;AME Branch Breacker 32 A 1 Phase
DP-F2012007;AME Branch Breacker 40 A 1 Phase
DP-F2012008;AME Branch Breacker 50 A 1 Phase
DP-F2012009;AME Branch Breacker 63 A 1 Phase
DP-F2012010;AME Branch Breacker 20 A 2 Phase
DP-F2012011;AME Branch Breacker 25 A 2 Phase
DP-F2012012;AME Branch Breacker 32 A 2 Phase
DP-F2012013;AME Branch Breacker 40 A 2 Phase
DP-F2012014;AME Branch Breacker 50 A 2 Phase
DP-F2012015;AME Branch Breacker 63 A 2 Phase
DP-F2012016;AME Branch Breacker 32 A 3 Phase
DP-F2012017;AME Branch Breacker 40 A 3 Phase
DP-F2012018;AME Branch Breacker 50 A 3 Phase
DP-F2012019;AME Branch Breacker 63 A 3 Phase
DP-F2013001;AME RCBO Branch Breacker 16 A 1 Phase
DP-F2013002;AME RCBO Branch Breacker 20 A 1 Phase
DP-F2013003;AME RCBO Branch Breacker 32 A 1 Phase
DP-F2019001;Black Branch Breacker 10 A 1 Phase
DP-F2019002;Black Branch Breacker 15 A 1 Phase
DP-F2019003;Black Branch Breacker 20 A 1 Phase
DP-F2019004;Black Branch Breacker 30 A 1 Phase
DP-F2019005;Black Branch Breacker 40 A 1 Phase
DP-F2019006;Black Branch Breacker 50 A 1 Phase
DP-F2019007;Black Branch Breacker 60 A 1 Phase
DP-F2019008;Black Branch Breacker 20 A 2 Phase
DP-F2019009;Black Branch Breacker 30 A 2 Phase
DP-F2019010;Black Branch Breacker 40 A 2 Phase
DP-F2019011;Black Branch Breacker 50 A 2 Phase
DP-F2019012;Black Branch Breacker 60 A 2 Phase
DP-F2019013;Black Branch Breacker 100 A 2 Phase
DP-F2019014;Black Branch Breacker 30 A 3 Phase
DP-F2019015;Black Branch Breacker 40 A 3 Phase
DP-F2019016;Black Branch Breacker 50 A 3 Phase
DP-F2019017;Black Branch Breacker 60 A 3 Phase
DP-F2019018;Black Branch Breacker 100 A 3 Phase
DP-F203001;AME Panel Board 4W - Without Main Breaker
DP-F203002;AME Panel Board 6W - Without Main Breaker
DP-F203003;AME Panel Board 8W - Without Main Breaker
DP-F203004;AME Panel Board 9W - Without Main Breaker
DP-F203005;AME Panel Board 12W - Without Main Breaker
DP-F203006;AME Panel Board 18W - Without Main Breaker
DP-F204001;AME Panel Board 12W 3Phase - 60A
DP-F204002;AME Panel Board 24W 3Phase - 60A
DP-F204003;AME Panel Board 36W 3Phase - 60A
DP-F204004;AME Panel Board 9W 3Phase - 63A
DP-F204005;AME Panel Board 6W 2Phase - 100A
DP-F204006;AME Panel Board 8W 2Phase - 100A
DP-F204007;AME Panel Board 9W 3Phase - 100A
DP-F204008;AME Panel Board 12W 3Phase - 100A
DP-F204009;AME Panel Board 18W 3Phase - 100A
DP-F204010;AME Panel Board 24W 3Phase - 100A
DP-F204011;AME Panel Board 30W 3Phase - 100A
DP-F204012;AME Panel Board 36W 3Phase - 100A
DP-F204013;AME Panel Board 42W 3Phase - 100A
DP-F204014;AME Panel Board 48W 3Phase - 100A
DP-F204015;AME Panel Board 18W 3Phase - 150A
DP-F204016;AME Panel Board 24W 3Phase - 150A
DP-F204017;AME Panel Board 30W 3Phase - 150A
DP-F204018;AME Panel Board 36W 3Phase - 150A
DP-F204019;AME Panel Board 42W 3Phase - 150A
DP-F204020;AME Panel Board 48W 3Phase - 150A
DP-F204021;AME Panel Board 18W 3Phase - 200A
DP-F204022;AME Panel Board 24W 3Phase - 200A
DP-F204023;AME Panel Board 30W 3Phase - 200A
DP-F204024;AME Panel Board 36W 3Phase - 200A
DP-F204025;AME Panel Board 42W 3Phase - 200A
DP-F204026;AME Panel Board 48W 3Phase - 200A
DP-F204027;AME Panel Board 18W 3Phase - 250A
DP-F204028;AME Panel Board 24W 3Phase - 250A
DP-F204029;AME Panel Board 30W 3Phase - 250A
DP-F204030;AME Panel Board 36W 3Phase - 250A
DP-F204031;AME Panel Board 42W 3Phase - 250A
DP-F204032;AME Panel Board 48W 3Phase - 250A
DP-F204033;AME Panel Board 12W 3Phase - 63A
DP-F204034;AME Panel Board 18W 3Phase - 63A
DP-F204035;AME Panel Board 12W 3Phase - 32A
DP-F204036;AME Panel Board 30W 3Phase - 63A
DP-F205001;AME Panel Board 12W 3Phase - 100A / RCBO
DP-F205002;AME Panel Board 18W 3Phase - 100A / RCBO
DP-F206001;AME Panel Board 18W 3Phase - 200A / Waterproof
DP-F206002;AME Panel Board 18W 3Phase - 250A / Waterproof
DP-F206003;AME Panel Board 24W 3Phase - 250A / Waterproof
DP-F206004;AME Panel Board 12W 3Phase - 100A / Waterproof
DP-F206005;AME Panel Board 18W 3Phase - 100A / Waterproof
DP-F206006;AME Panel Board 24W 3Phase - 100A / Waterproof
DP-F206007;AME Panel Board 18W 3Phase - 150A / Waterproof
DP-F206008;AME Panel Board 24W 3Phase - 150A / Waterproof
DP-F3011001;EURP Branch Breacker 32 A 1 Phase- KSA
DP-F3012001;EURP Branch Breacker 10 A 1 Phase
DP-F3012002;EURP Branch Breacker 16 A 1 Phase
DP-F3012003;EURP Branch Breacker 20 A 1 Phase
DP-F3012004;EURP Branch Breacker 25 A 1 Phase
DP-F3012005;EURP Branch Breacker 32 A 1 Phase
DP-F3012006;EURP Branch Breacker 40 A 1 Phase
DP-F3012007;EURP Branch Breacker 50 A 1 Phase
DP-F3012008;EURP Branch Breacker 63 A 1 Phase
DP-F3012009;EURP Branch Breacker 20 A 2 Phase
DP-F3012010;EURP Branch Breacker 25 A 2 Phase
DP-F3012011;EURP Branch Breacker 32 A 2 Phase
DP-F3012012;EURP Branch Breacker 40 A 2 Phase
DP-F3012013;EURP Branch Breacker 50 A 2 Phase
DP-F3012014;EURP Branch Breacker 63 A 2 Phase
DP-F3012015;EURP Branch Breacker 32 A 3 Phase
DP-F3012016;EURP Branch Breacker 40 A 3 Phase
DP-F3012017;EURP Branch Breacker 50 A 3 Phase
DP-F3012018;EURP Branch Breacker 63 A 3 Phase
DP-F3013001;EURP RCBO Branch Breacker 16 A 1 Phase
DP-F3013002;EURP RCBO Branch Breacker 20 A 1 Phase
DP-F3013003;EURP RCBO Branch Breacker 32 A 1 Phase
DP-F303001;EURP Panel Board 6W - Without Main Breaker
DP-F303002;EURP Panel Board 8W - Without Main Breaker
DP-F303003;EURP Panel Board 10W - Without Main Breaker
DP-F303005;EURP Panel Board 4W - Without Main Breaker
DP-F304001;EURP Panel Board 4W 1Phase - 100A
DP-F304002;EURP Panel Board 6W 1Phase - 100A
DP-F304003;EURP Panel Board 8W 2Phase - 100A
DP-F304004;EURP Panel Board 10W 1Phase - 100A
DP-F304005;EURP Panel Board 12W 1Phase - 100A
DP-F304006;EURP Panel Board 4W 2Phase - 100A
DP-F304007;EURP Panel Board 6W 2Phase - 100A
DP-F304008;EURP Panel Board 12W 3Phase - 100A
DP-F304009;EURP Panel Board 18W 3Phase - 100A
DP-F304010;EURP Panel Board 24W 3Phase - 100A
DP-F304011;EURP Panel Board 30W 3Phase - 100A
DP-F304012;EURP Panel Board 36W 3Phase - 100A
DP-F304013;EURP Panel Board 42W 3Phase - 100A
DP-F304014;EURP Panel Board 48W 3Phase - 100A
DP-F304015;EURP Panel Board 18W 3Phase - 150A
DP-F304016;EURP Panel Board 24W 3Phase - 150A
DP-F304017;EURP Panel Board 30W 3Phase - 150A
DP-F304018;EURP Panel Board 36W 3Phase - 150A
DP-F304019;EURP Panel Board 42W 3Phase - 150A
DP-F304020;EURP Panel Board 48W 3Phase - 150A
DP-F304021;EURP Panel Board 24W 3Phase - 200A
DP-F304022;EURP Panel Board 30W 3Phase - 200A
DP-F304023;EURP Panel Board 36W 3Phase - 200A
DP-F304025;EURP Panel Board 48W 3Phase - 200A
DP-F304026;EURP Panel Board 30W 3Phase - 250A-New
DP-F304027;EURP Panel Board 36W 3Phase - 250A
DP-F304028;EURP Panel Board 30W 3Phase - 60A
DP-F304029;EURP Panel Board 8W 2Phase - 63A
DP-F304030;EURP Panel Board 12W 2Phase - 60A
DP-F304031;EURP Panel Board 18W 3Phase - 60A
DP-F304032;EURP Panel Board 18W 3Phase - 63A
DP-F304033;EURP Panel Board 12W 3Phase - 100A -New
DP-F304034;EURP Panel Board 18W 3Phase - 100A New
DP-F304035;EURP Panel Board 6W 3Phase - 63A
DP-F304036;EURP Panel Board 9W 3Phase - 100A
DP-F304037;EURP Panel Board 24W 3Phase - 100A -New
DP-F304038;EURP Panel Board 30 W 3Phase - 100A -New
DP-F304039;EURP Panel Board 24W 3Phase - 150A -New
DP-F304040;EURP Panel Board 30W 3Phase - 200A -New
DP-F304041;EURP Panel Board 36 W 3Phase - 100A -New
DP-F304042;EURP Panel Board 36 W 3Phase - 200A -New
DP-F304043;EURP Panel Board 18W 3Phase - 100A ISOLATOR WITHOUT
DP-F304044;EURP Panel Board 24 W 3Phase - 100A ISOLATOR WITHOUT
DP-F304045;EURP Panel Board 36 W 3Phase - 100A ISOLATOR WITHOUT
DP-F304046;EURP Panel Board 12 W 3Phase - 100A ISOLATOR WITHOUT
DP-F304047;EURP Panel Board 36 W 3Phase - 250A -New
DP-F304048;EURP Panel Board 24W 3Phase - 250A
DP-F304049;EURP Panel Board 24W 3Phase - 200A -New
DP-F304050;EURP Panel Board 24W 3Phase - 63 A -New
DP-F304051;EURP Panel Board 30 W 3Phase - 63 A -New
DP-F304052;EURP Panel Board 36 W 3Phase - 63 A -New
DP-F304053;EURP Panel Board 36 W 3Phase - 150A -New
DP-F304054;EURP Panel Board 42 W 3Phase - 150A -New
DP-F304056;EURP Panel Board 48 W 3Phase - 100A -New
DP-F304057;EURP Panel Board 48 W 3Phase - 150A -New
DP-F304058;EURP Panel Board 18W 3Phase - 150A New
DP-F304061;EURP Panel Board 42 W 3Phase - 200A -New
DP-F304062;EURP Panel Board 48 W 3Phase - 200 A -New
DP-F304063;EURP Panel Board 9 W 3Phase - 100A
DP-F304064;EURP Panel Board 12W 3Phase - 32A
DP-F304065;EURP Panel Board 36W 3Phase - 40A New
DP-F305001;EURP Panel Board 12W 3Phase - 100A / DUST PROOF
DP-F305002;EURP Panel Board 18W 3Phase - 100A/ DUST PROOF
DP-F401001;MCB MAIN BREAKER BOX - 30A
DP-F401002;MCB MAIN BREAKER BOX - 40A
DP-F401003;MCB MAIN BREAKER BOX - 50A
DP-F401004;MCB MAIN BREAKER BOX - 60A
DP-F401005;MCB MAIN BREAKER BOX - 63A
DP-F401006;MCB MAIN BREAKER BOX - 100A
DP-F402001;MCB MAIN BREAKER BOX - 60A / WPF
DP-F402002;MCB MAIN BREAKER BOX - 63A / WPF
DP-F402003;MCB MAIN BREAKER BOX - 100A / WPF
DP-F403001;MCCB MAIN BREAKER BOX - 32A
DP-F403002;MCB MAIN BREAKER BOX - 32A
DP-F403003;MCCB MAIN BREAKER BOX - 50A
DP-F403004;MCCB MAIN BREAKER BOX - 60A
DP-F403005;MCCB MAIN BREAKER BOX - 63A
DP-F403006;MCCB MAIN BREAKER BOX - 100A
DP-F403007;MCCB MAIN BREAKER BOX - 150A
DP-F403008;MCCB MAIN BREAKER BOX - 200A
DP-F403009;MCCB MAIN BREAKER BOX - 250A
DP-F403010;MCCB MAIN BREAKER BOX - 300A
DP-F403011;MCCB MAIN BREAKER BOX - 400A
DP-F404001;MCCB MAIN BREAKER BOX - 60A / WPF
DP-F404002;MCCB MAIN BREAKER BOX - 100A / WPF
DP-F404003;MCCB MAIN BREAKER BOX - 150A / WPF
DP-F404004;MCCB MAIN BREAKER BOX - 200A / WPF
DP-F404005;MCCB MAIN BREAKER BOX - 250A / WPF
DP-F404006;MCCB MAIN BREAKER BOX - 63A / WPF
DP-F501001;BUSBER CHAMBER - 100A MCCB
DP-F501002;BUSBER CHAMBER - 150A MCCB
DP-F501003;BUSBER CHAMBER - 200A MCCB
DP-F501004;BUSBER CHAMBER - 250A MCCB
DP-F501005;BUSBER CHAMBER - 300A MCCB
DP-F501006;BUSBER CHAMBER - 400A MCCB
DP-F501007;BUSBER CHAMBER - 350A MCCB
DP-F601001;BREAKER BOX PLASTIC - WITHOUT
DP-F602001;EURP PANEL PLASTIC FACE 6W 2Phase - without Main
DP-F602002;EURP PANEL PLASTIC FACE 8W 2Phase - without Main
DP-F602003;EURP PANEL PLASTIC FACE 10W 2Phase - without Main
DP-F602004;EURP PANEL PLASTIC FACE 12WAY - 2Phase without Main
DP-F603001;EURP PANEL PLASTIC FACE 8W 2Phase - 100A
DP-F603002;EURP PANEL PLASTIC FACE 10W 2Phase - 100A
DP-F603101;EURP PANEL IR 18W 3Phase - 100A WITHOUT MAIN
DP-F603102;EURP PANEL IR 24W 3Phase - 100A WITHOUT MAIN
